"","V1"
"2005-01-17",-0.0381289872706359
"2005-01-18",-0.0752841307673491
"2005-01-19",-0.0743302303398743
"2005-01-20",-0.101416198300444
"2005-01-24",0.130712965715598
"2005-01-25",0.0382272104198747
"2005-01-27",-0.0649905644983612
"2005-01-28",-0.0462760722225143
"2005-01-31",0.124724950198036
"2005-02-01",0.00094070921633512
"2005-02-02",0.081439736320334
"2005-02-03",0.312755959525332
"2005-02-04",0.246195259388648
"2005-02-07",0.456999889759812
"2005-02-08",0.495387600938381
"2005-02-09",0.603361141778364
"2005-02-10",0.589195238574682
"2005-02-11",0.527634352111812
"2005-02-14",0.617402132656768
"2005-02-15",0.582153041355705
"2005-02-16",0.261127090350575
"2005-02-17",0.189123139662946
"2005-02-18",0.120790374008895
"2005-02-21",0.0903748414351492
"2005-02-22",0.0667104936716437
"2005-02-23",0.198871939626723
"2005-02-24",0.330995890043576
"2005-02-25",0.443132494121273
"2005-02-28",0.415781694585946
"2005-03-01",0.467833084643193
"2005-03-02",0.485844062808124
"2005-03-03",0.550919642726525
"2005-03-04",0.54803792482441
"2005-03-07",0.632827163625806
"2005-03-08",0.513331703881249
"2005-03-09",0.525405137427089
"2005-03-10",0.334486948221275
"2005-03-11",0.337903107458779
"2005-03-14",0.377836235397934
"2005-03-15",0.4168028223632
"2005-03-16",0.202309700774802
"2005-03-17",0.151702082885952
"2005-03-18",0.140905063030853
"2005-03-21",0.175026989175173
"2005-03-22",0.20772529038692
"2005-03-23",0.389361394375696
"2005-03-24",0.224552757309204
"2005-03-28",0.154227655480552
"2005-03-29",-0.245715863588306
"2005-03-30",-0.347472267124369
"2005-03-31",-0.247077189096309
"2005-04-01",-0.331772312058614
"2005-04-04",-0.431741718570029
"2005-04-05",-0.445644900772105
"2005-04-06",-0.415590693581052
"2005-04-07",-0.40549515200966
"2005-04-08",-0.380120313517949
"2005-04-11",-0.33208738230453
"2005-04-12",-0.240403356888381
"2005-04-13",-0.298746182098599
"2005-04-15",-0.248999832586777
"2005-04-18",-0.25701906205008
"2005-04-19",-0.329084571167877
"2005-04-20",-0.217810293556009
"2005-04-21",-0.23290768720249
"2005-04-22",-0.30594371389721
"2005-04-25",-0.376155620402556
"2005-04-26",-0.37017882645708
"2005-04-27",-0.304461668357744
"2005-04-28",-0.255732754750229
"2005-04-29",-0.151732257557706
"2005-05-02",-0.103920335086349
"2005-05-03",-0.0515118010306157
"2005-05-04",0.0153172580687696
"2005-05-05",-0.147411362822045
"2005-05-06",-0.264330337466363
"2005-05-09",-0.132772279878661
"2005-05-10",0.158564006341165
"2005-05-11",0.0155238885860952
"2005-05-12",0.0697361870127967
"2005-05-13",-0.0699727559148509
"2005-05-16",-0.0682681267617783
"2005-05-17",-0.118979579596116
"2005-05-18",-0.374909407622691
"2005-05-19",-0.28786474967055
"2005-05-20",-0.310663110122275
"2005-05-23",-0.255982105417035
"2005-05-24",-0.233406250777588
"2005-05-25",-0.337872867457083
"2005-05-26",-0.286169346503367
"2005-05-27",-0.265501962230792
"2005-05-30",-0.208994464324672
"2005-05-31",-0.055778928356672
"2005-06-01",-0.00273535940750495
"2005-06-02",0.235429658751573
"2005-06-03",0.236241721727573
"2005-06-06",0.275627215246483
"2005-06-07",0.384082509466507
"2005-06-08",0.34514625118295
"2005-06-09",0.436664373331489
"2005-06-10",0.11257930768326
"2005-06-13",0.0244268079190683
"2005-06-14",0.0338832946761881
"2005-06-15",0.120073771625508
"2005-06-16",-0.0267048152607936
"2005-06-17",-0.172752754706127
"2005-06-20",-0.159649054282399
"2005-06-21",-0.058366808307826
"2005-06-22",0.130293550349972
"2005-06-23",0.0696763038228317
"2005-06-24",0.228961951693898
"2005-06-27",0.150674254157032
"2005-06-28",0.162371657634615
"2005-06-29",0.127257366459224
"2005-06-30",0.297915126066747
"2005-07-01",0.430606765361344
"2005-07-04",0.474401228648571
"2005-07-05",0.570377980120549
"2005-07-06",0.570373619160896
"2005-07-07",0.0380995016116764
"2005-07-08",-0.0401857979596992
"2005-07-11",-0.255889263346775
"2005-07-12",-0.36081638420949
"2005-07-13",-0.154409584749435
"2005-07-14",-0.369436931282631
"2005-07-15",-0.0968660196212466
"2005-07-18",-0.10388346422495
"2005-07-19",-0.257755502862641
"2005-07-20",-0.139864294646442
"2005-07-21",-0.345363581666982
"2005-07-22",-0.450049123790602
"2005-07-25",-0.482510140396074
"2005-07-26",-0.512716284216024
"2005-07-27",-0.416534958744612
"2005-07-29",-0.519479923273565
"2005-08-01",-0.49411804005131
"2005-08-02",-0.531523763096554
"2005-08-03",-0.43218100689168
"2005-08-04",-0.388750172724449
"2005-08-05",-0.478135901781584
"2005-08-08",-0.459275305393369
"2005-08-09",-0.492091139783731
"2005-08-10",-0.540300794637996
"2005-08-11",-0.496813886935651
"2005-08-12",-0.295533529361888
"2005-08-16",-0.315411701802486
"2005-08-17",-0.357056116837135
"2005-08-18",-0.383328539396957
"2005-08-19",-0.218802280614122
"2005-08-22",-0.35859444467028
"2005-08-23",-0.528923635401954
"2005-08-24",-0.357488226766007
"2005-08-25",-0.443292654160087
"2005-08-26",-0.496325809868984
"2005-08-29",-0.474438034917135
"2005-08-30",-0.35591517937102
"2005-08-31",-0.287101469530386
"2005-09-01",-0.43993411767081
"2005-09-02",-0.266099911758959
"2005-09-05",-0.313780111303204
"2005-09-06",-0.389348714557605
"2005-09-08",-0.409530074501954
"2005-09-09",-0.398303996628605
"2005-09-12",-0.298262065324144
"2005-09-13",-0.147494882570792
"2005-09-14",-0.0942239991979106
"2005-09-15",-0.13150896083877
"2005-09-16",0.111185301319663
"2005-09-19",0.228089409087945
"2005-09-20",0.28606357057671
"2005-09-21",0.272813414608485
"2005-09-22",-0.138099568009005
"2005-09-23",-0.318123252860999
"2005-09-26",-0.33568396733411
"2005-09-27",-0.344916240390831
"2005-09-28",-0.398358718890691
"2005-09-29",-0.438573777428313
"2005-09-30",-0.463317301501095
"2005-10-03",-0.483374881279435
"2005-10-04",-0.40377871254448
"2005-10-05",-0.152137612287282
"2005-10-06",-0.149678705285092
"2005-10-07",-0.111995986226216
"2005-10-10",-0.347632519557238
"2005-10-11",-0.398645417207527
"2005-10-13",-0.334613738812053
"2005-10-14",-0.291202980454294
"2005-10-17",-0.334668635231739
"2005-10-18",-0.214870420183968
"2005-10-19",0.272116850409408
"2005-10-20",0.366642084161
"2005-10-21",0.543142082521956
"2005-10-24",0.526149211862232
"2005-10-25",0.467313221548827
"2005-10-26",0.53832842626516
"2005-10-27",0.148357958020079
"2005-10-28",0.210561599073561
"2005-10-31",0.0571551001101439
"2005-11-02",-0.10613183473904
"2005-11-07",0.18877650540314
"2005-11-08",0.0956956070762834
"2005-11-09",0.342685915966433
"2005-11-10",0.360060082748024
"2005-11-11",0.0150556908601201
"2005-11-14",-0.163869530930834
"2005-11-16",-0.0219201233655602
"2005-11-17",-0.00547517710758087
"2005-11-18",0.111961701829149
"2005-11-21",0.147115448358652
"2005-11-22",-0.0701240002501288
"2005-11-23",0.100703421374738
"2005-11-24",0.141498386198566
"2005-11-25",0.0848734626845764
"2005-11-28",0.104150686189565
"2005-11-29",0.0422341117111675
"2005-11-30",0.0506646175063329
"2005-12-01",-0.0861670116077276
"2005-12-02",-0.0434976456419975
"2005-12-05",-0.111148937530554
"2005-12-06",-0.120181461255682
"2005-12-07",-0.127992508741525
"2005-12-08",-0.179271825722892
"2005-12-09",-0.318475139116436
"2005-12-12",-0.23400334695557
"2005-12-13",-0.231863968990003
"2005-12-14",-0.215046829465026
"2005-12-15",-0.0447974137727181
"2005-12-16",0.344144054893843
"2005-12-19",0.469153000470583
"2005-12-20",0.587597143928394
"2005-12-21",0.628444700627137
"2005-12-22",0.777592649182804
"2005-12-23",0.573038633709367
"2005-12-26",0.484019854378882
"2005-12-27",0.57360197425985
"2005-12-28",0.707434276756371
"2005-12-29",0.789242504676646
"2005-12-30",0.629901060367879
"2006-01-02",0.484404895507712
"2006-01-03",0.582755678933841
"2006-01-04",0.527608307116032
"2006-01-05",0.579652194882578
"2006-01-06",0.695930514135581
"2006-01-09",0.723538256614701
"2006-01-10",0.678155328671068
"2006-01-12",0.459847411228425
"2006-01-13",0.538789770600838
"2006-01-16",0.622112631312333
"2006-01-17",0.711024850067614
"2006-01-18",0.629472226907614
"2006-01-19",0.683675240563532
"2006-01-20",0.721279940295769
"2006-01-23",0.539644456208868
"2006-01-24",0.705400160754112
"2006-01-25",0.164750153188714
"2006-01-27",-0.0323990620302313
"2006-01-30",0.149728925985643
"2006-01-31",0.074308452024809
"2006-02-01",0.107093897422878
"2006-02-02",0.283675430413558
"2006-02-03",0.416561420436402
"2006-02-06",0.425603103561992
"2006-02-07",0.345400601841345
"2006-02-08",0.699924216017056
"2006-02-10",-0.0825462498908199
"2006-02-13",-0.243862037932204
"2006-02-14",-0.197094333788527
"2006-02-15",-0.205863187681735
"2006-02-16",-0.107665684989528
"2006-02-17",-0.216801494784976
"2006-02-20",-0.133117710388427
"2006-02-21",-0.0233145971855221
"2006-02-22",0.0372863188991293
"2006-02-23",0.149575901344359
"2006-02-24",0.0285261820369996
"2006-02-27",0.00457435942190694
"2006-02-28",0.1173442615284
"2006-03-01",0.0317585229870583
"2006-03-02",0.272377865559014
"2006-03-03",0.0845773733079772
"2006-03-06",0.121106968394086
"2006-03-07",0.065828658805749
"2006-03-08",0.134163713169097
"2006-03-09",0.141039796690404
"2006-03-10",0.0432743047412052
"2006-03-13",0.139988921049432
"2006-03-14",0.117477956850371
"2006-03-16",-0.137886311181286
"2006-03-17",-0.129097328756478
"2006-03-20",-0.369710055513315
"2006-03-21",-0.143940874467256
"2006-03-22",-0.119319979083445
"2006-03-23",-0.155009066525761
"2006-03-24",-0.328030418838615
"2006-03-27",-0.229200103438669
"2006-03-28",-0.25822934808106
"2006-03-29",-0.090092024584752
"2006-03-30",-0.0273322344733311
"2006-03-31",-0.135995704411878
"2006-04-03",-0.133651343721766
"2006-04-04",-0.175650714575252
"2006-04-05",-0.24966128582214
"2006-04-07",-0.00698497702846685
"2006-04-10",0.20823827309694
"2006-04-12",0.143745656667859
"2006-04-13",0.0576958542650356
"2006-04-17",-0.0541959190049921
"2006-04-18",0.177837803830311
"2006-04-19",0.17049036697162
"2006-04-20",0.153102417725401
"2006-04-21",-0.117113695202202
"2006-04-24",-0.142182872175335
"2006-04-25",-0.265995267927749
"2006-04-26",-0.149311627691064
"2006-04-27",-0.555813914460322
"2006-04-28",-0.515959017641944
"2006-05-02",-0.612650536664984
"2006-05-03",-0.554485477350632
"2006-05-04",-0.550916243599142
"2006-05-05",-0.524218112802914
"2006-05-08",-0.500832371540253
"2006-05-09",-0.396284515887095
"2006-05-10",-0.656390437437134
"2006-05-11",-0.355638341664199
"2006-05-12",-0.419165002161783
"2006-05-15",-0.515960645340518
"2006-05-16",-0.52624040476595
"2006-05-17",-0.343381556490753
"2006-05-18",-0.127162396874441
"2006-05-19",0.310017044680024
"2006-05-22",0.10396838243173
"2006-05-23",0.11190682577963
"2006-05-24",0.0737602842703071
"2006-05-25",-0.0339571577141007
"2006-05-26",-0.0945735043987685
"2006-05-29",-0.160961490798264
"2006-05-30",-0.171335733122732
"2006-05-31",-0.339164621653815
"2006-06-01",-0.283395719088148
"2006-06-02",0.0183756061224182
"2006-06-05",0.0117299925762961
"2006-06-06",-0.113354424156892
"2006-06-07",0.0999262890980324
"2006-06-08",0.260538365393025
"2006-06-09",0.334480897233862
"2006-06-12",0.3600400117195
"2006-06-13",0.125059259591515
"2006-06-14",-0.0831561814154802
"2006-06-15",-0.225691789896381
"2006-06-16",-0.2365937097993
"2006-06-19",-0.30057776361659
"2006-06-20",-0.20474286757941
"2006-06-21",-0.196677255435584
"2006-06-22",-0.175289437964815
"2006-06-23",-0.0416845629122159
"2006-06-26",0.183536476501901
"2006-06-27",0.178564157047092
"2006-06-28",-0.085583658961162
"2006-06-29",0.180203969062263
"2006-06-30",0.119602332721117
"2006-07-03",0.0749940959032121
"2006-07-04",0.25900606137624
"2006-07-05",0.440164108856016
"2006-07-06",0.261467332699463
"2006-07-07",0.34856202431779
"2006-07-10",0.192285487664423
"2006-07-11",0.0600010442256274
"2006-07-12",0.305774442932733
"2006-07-13",0.523817346846701
"2006-07-14",0.351151540683843
"2006-07-17",0.199992407915464
"2006-07-18",0.16642405256124
"2006-07-19",0.221174890593262
"2006-07-20",0.317748735534158
"2006-07-21",-0.0538309311801271
"2006-07-24",0.15345543723129
"2006-07-25",0.39547609431917
"2006-07-26",0.314901663266927
"2006-07-27",0.270773732851246
"2006-07-28",0.385242705474033
"2006-07-31",0.395342742594373
"2006-08-01",0.318542217848512
"2006-08-02",0.326506058770072
"2006-08-03",0.2730734514957
"2006-08-04",0.262250166520716
"2006-08-07",0.107077890113409
"2006-08-08",0.0474446296810539
"2006-08-09",0.0402365136791044
"2006-08-10",0.0593795185722405
"2006-08-11",-0.0725482362985476
"2006-08-14",-0.15360776458845
"2006-08-16",-0.0324963525817775
"2006-08-17",-0.00167536605351404
"2006-08-18",-0.0806342281187948
"2006-08-21",-0.110110912283258
"2006-08-22",-0.149124371852138
"2006-08-23",-0.081761562237256
"2006-08-24",-0.120079200974527
"2006-08-25",-0.012756961856826
"2006-08-28",0.0514106140880958
"2006-08-29",0.0975596639687928
"2006-08-30",0.0642621168566339
"2006-08-31",-0.347048801552918
"2006-09-01",-0.450656636720211
"2006-09-04",-0.557995402151897
"2006-09-05",-0.57775547505636
"2006-09-06",-0.538110720552903
"2006-09-07",-0.53931646801477
"2006-09-08",-0.409742631463837
"2006-09-11",-0.315349967771209
"2006-09-12",-0.272555279497546
"2006-09-13",-0.214082329333225
"2006-09-14",-0.19376897673976
"2006-09-15",-0.290130994949625
"2006-09-18",-0.308505773221732
"2006-09-19",-0.258560858593901
"2006-09-20",-0.0239298845707971
"2006-09-21",-0.395116322430507
"2006-09-22",-0.121829096728958
"2006-09-25",-0.0330181890769727
"2006-09-26",-0.0943197873682316
"2006-09-27",-0.288655857110151
"2006-09-28",-0.193884433743369
"2006-09-29",-0.146194128912744
"2006-10-03",-0.135887462927919
"2006-10-04",-0.228872352671849
"2006-10-05",-0.352298700528514
"2006-10-06",-0.459350224924225
"2006-10-09",-0.380423989241401
"2006-10-10",-0.280229290937235
"2006-10-11",-0.576851901517587
"2006-10-12",-0.724692270032446
"2006-10-13",-0.625414951466929
"2006-10-16",-0.442248557858837
"2006-10-17",-0.266261276276044
"2006-10-18",-0.0892308552061749
"2006-10-19",-0.256208375207839
"2006-10-20",-0.24681148558582
"2006-10-23",-0.205387307496202
"2006-10-26",-0.0714171434609333
"2006-10-27",-0.649567793762232
"2006-10-30",-0.73212165109999
"2006-10-31",-0.726869621665777
"2006-11-01",-0.884702956744914
"2006-11-02",-0.476551033046634
"2006-11-03",0.00198411320681996
"2006-11-06",0.150545154558103
"2006-11-07",0.181561656105558
"2006-11-08",0.278619376032863
"2006-11-09",0.1740744139237
"2006-11-10",-0.0152468240246919
"2006-11-13",-0.206988763283555
"2006-11-14",-0.00836665332382271
"2006-11-15",-0.608357637891948
"2006-11-16",-0.328132918273398
"2006-11-17",-0.041967204409637
"2006-11-20",-0.224144844773398
"2006-11-21",-0.338560130590103
"2006-11-22",-0.48113729406368
"2006-11-23",-0.173962224427324
"2006-11-24",-0.222183387734767
"2006-11-27",-0.577988230515311
"2006-11-28",-0.64235497939762
"2006-11-29",-0.603920587667397
"2006-11-30",-0.38739980947526
"2006-12-01",-0.23729570957125
"2006-12-04",-0.2187848849587
"2006-12-05",-0.131310266394015
"2006-12-06",-0.0383746135562741
"2006-12-07",-0.00213943526713411
"2006-12-08",-0.41510467172881
"2006-12-11",-0.563742221200064
"2006-12-12",-0.302873925801465
"2006-12-13",0.0549051675020969
"2006-12-14",0.153006298216556
"2006-12-15",0.0161533162948085
"2006-12-18",0.111522043450089
"2006-12-19",0.242831406196808
"2006-12-20",0.133812254972016
"2006-12-21",0.0603740579626217
"2006-12-22",-0.301370170507194
"2006-12-26",-0.328029574296037
"2006-12-27",-0.192286872404811
"2006-12-28",-0.0062037712639101
"2006-12-29",-0.17971755899064
"2007-01-02",-0.252749188222346
"2007-01-03",-0.346373480262294
"2007-01-04",-0.242125222195689
"2007-01-05",-0.197395569207237
"2007-01-08",-0.185931435315985
"2007-01-09",-0.302337043658155
"2007-01-10",-0.310085172745228
"2007-01-11",-0.417987799704087
"2007-01-12",-0.264565421146545
"2007-01-15",-0.256830518014768
"2007-01-16",-0.241393015853223
"2007-01-17",-0.304162372970073
"2007-01-18",-0.15314148305842
"2007-01-19",-0.160064072394086
"2007-01-22",-0.231427692221846
"2007-01-23",-0.210515779672538
"2007-01-24",-0.248511286957342
"2007-01-25",-0.255148154326846
"2007-01-29",-0.248944387763057
"2007-01-31",-0.409208468529569
"2007-02-01",-0.325348054160104
"2007-02-02",-0.39403742206115
"2007-02-05",-0.403029593683469
"2007-02-06",-0.373844281593339
"2007-02-07",-0.391047652073507
"2007-02-08",-0.355394329685682
"2007-02-09",-0.336499899031437
"2007-02-12",-0.254700079609056
"2007-02-13",-0.167218326681437
"2007-02-14",-0.0824006906832611
"2007-02-15",-0.0835168372702904
"2007-02-19",-0.171277476671229
"2007-02-20",-0.172742265494864
"2007-02-21",-0.122816529064807
"2007-02-22",-0.167324789437505
"2007-02-23",-0.464909830406325
"2007-02-26",-0.284965861946979
"2007-02-27",-0.295633572187069
"2007-02-28",-0.0167840978832917
"2007-03-01",0.342139218899287
"2007-03-02",0.314604782854265
"2007-03-05",0.424102485022182
"2007-03-06",0.357962621085694
"2007-03-07",0.481931037192927
"2007-03-08",0.373433861873869
"2007-03-09",0.233986574858775
"2007-03-12",0.0647668408085267
"2007-03-13",-0.154493181521295
"2007-03-14",0.0361962205477863
"2007-03-15",-0.179857864963243
"2007-03-16",-0.135275475628839
"2007-03-19",-0.341029502307207
"2007-03-20",-0.380664686384945
"2007-03-21",-0.431422997376013
"2007-03-22",-0.477956630035104
"2007-03-23",-0.306285832840673
"2007-03-26",-0.521278240515675
"2007-03-28",-0.281856776495136
"2007-03-29",-0.332853794489946
"2007-03-30",-0.281236339957967
"2007-04-02",-0.414546092082144
"2007-04-03",-0.402800129273788
"2007-04-04",-0.38905016354452
"2007-04-05",-0.481168052037129
"2007-04-09",-0.260423827434934
"2007-04-10",-0.280973867705863
"2007-04-11",-0.238810348761628
"2007-04-12",-0.334865980139086
"2007-04-13",-0.38932075721435
"2007-04-16",-0.393402877909224
"2007-04-17",-0.177417156625499
"2007-04-18",-0.243681471161467
"2007-04-19",-0.477276340394145
"2007-04-20",-0.416813438111061
"2007-04-23",-0.328384120206934
"2007-04-24",-0.17283670363811
"2007-04-25",-0.0342929588629845
"2007-04-26",-0.040358747049878
"2007-04-27",-0.578597053553589
"2007-04-30",-0.612169608520829
"2007-05-03",-0.589057231826375
"2007-05-04",-0.356564811024531
"2007-05-07",-0.501094056790504
"2007-05-08",-0.592960598042813
"2007-05-09",-0.678556323250552
"2007-05-10",-0.299223015061001
"2007-05-11",-0.186767070807581
"2007-05-14",-0.331228477552815
"2007-05-15",-0.078871136911201
"2007-05-16",0.0693744012729794
"2007-05-17",0.0963322327569057
"2007-05-18",0.126091227882358
"2007-05-21",-0.0132664168207945
"2007-05-22",-0.306888536819655
"2007-05-23",-0.0935069190925032
"2007-05-24",-0.0572929519636945
"2007-05-25",-0.102731132171726
"2007-05-28",-0.116534758823911
"2007-05-29",-0.20516419152946
"2007-05-30",-0.305094019679841
"2007-05-31",-0.186278151097143
"2007-06-01",-0.272643011419494
"2007-06-04",-0.0999622255436423
"2007-06-05",-0.0971444468658232
"2007-06-06",-0.18527214929727
"2007-06-07",-0.374293513576112
"2007-06-08",-0.339472399019953
"2007-06-11",-0.455044861907699
"2007-06-12",-0.411569312404933
"2007-06-13",-0.306702638449933
"2007-06-14",-0.272601638467343
"2007-06-15",-0.16888344335106
"2007-06-18",-0.0682905995646246
"2007-06-19",0.0153247709697823
"2007-06-20",0.0674973113561088
"2007-06-21",-0.120997000852681
"2007-06-22",-0.246919816834223
"2007-06-25",-0.275620021935868
"2007-06-26",-0.177128482053094
"2007-06-27",-0.173034155662626
"2007-06-28",-0.444020865036127
"2007-06-29",-0.409371200630724
"2007-07-02",-0.338005350095739
"2007-07-03",-0.316067243262832
"2007-07-04",-0.246608279146614
"2007-07-05",-0.472973896544731
"2007-07-06",-0.385202774045687
"2007-07-09",-0.326593223430187
"2007-07-10",-0.400694803961028
"2007-07-11",-0.328336558808216
"2007-07-12",-0.130552031580481
"2007-07-13",0.00218916631740432
"2007-07-16",-0.113860385260684
"2007-07-17",0.065984967254925
"2007-07-18",-0.156531344479773
"2007-07-19",-0.118075487743839
"2007-07-20",0.0194934064971129
"2007-07-23",0.0335085406448342
"2007-07-24",0.0407285299826561
"2007-07-25",0.06950729182834
"2007-07-26",0.0291409828906816
"2007-07-27",-0.0527939385414975
"2007-07-30",-0.0785237670054318
"2007-07-31",0.0189038637676093
"2007-08-01",0.0330473424066145
"2007-08-02",0.0691331927479108
"2007-08-03",-0.0175950070860455
"2007-08-06",-0.234333890341131
"2007-08-07",-0.234068682838933
"2007-08-08",-0.229462461130976
"2007-08-09",-0.00752637057168681
"2007-08-10",-0.0380037058015621
"2007-08-13",0.00975133901891632
"2007-08-14",0.0982822425075121
"2007-08-16",-0.115275975546628
"2007-08-17",0.0260914815238214
"2007-08-20",0.0378867865436552
"2007-08-21",0.111817535043407
"2007-08-22",0.0224083465132843
"2007-08-23",0.227491489280664
"2007-08-24",0.333260051778139
"2007-08-27",0.0533012149459057
"2007-08-28",0.195693690106159
"2007-08-29",0.280554563892958
"2007-08-30",-0.20377641011552
"2007-08-31",-0.236055779929811
"2007-09-03",-0.288213235662675
"2007-09-04",-0.103901174283313
"2007-09-05",-0.154527393517449
"2007-09-06",-0.251323802182908
"2007-09-07",-0.195377777295422
"2007-09-10",-0.0959794176914898
"2007-09-11",-0.21497212773505
"2007-09-12",-0.120902189170093
"2007-09-13",-0.148854991806221
"2007-09-14",0.0226908276258494
"2007-09-17",0.0448938577663313
"2007-09-18",0.00897093681002861
"2007-09-19",-0.096381178258176
"2007-09-20",-0.104987700450193
"2007-09-21",-0.0219366891733939
"2007-09-24",0.0388328064787985
"2007-09-25",0.0241083626068337
"2007-09-26",0.0820699520769766
"2007-09-27",0.286328445366986
"2007-09-28",0.308409877595423
"2007-10-01",0.449752363605279
"2007-10-03",0.218013038286264
"2007-10-04",-0.0638262342856864
"2007-10-05",-0.217856425201019
"2007-10-08",-0.0951436015520222
"2007-10-09",0.115515296000833
"2007-10-10",0.208769350237258
"2007-10-11",0.0519604333058977
"2007-10-12",0.216784737106057
"2007-10-15",-0.0435513805948171
"2007-10-16",0.156022553330574
"2007-10-17",0.161220439592438
"2007-10-18",0.159724553989469
"2007-10-19",0.393334917441437
"2007-10-22",0.13585572540207
"2007-10-23",0.319526666786486
"2007-10-24",0.420219032272132
"2007-10-25",0.777957157103542
"2007-10-26",0.651313024283075
"2007-10-29",0.600787921755004
"2007-10-30",0.540247012572552
"2007-10-31",0.367982330209099
"2007-11-01",0.211999303576869
"2007-11-02",0.163045302340809
"2007-11-05",0.00783889683744731
"2007-11-06",0.0320874242628206
"2007-11-07",0.0391717607510047
"2007-11-08",-0.006326433101783
"2007-11-12",-0.0941299553744525
"2007-11-13",-0.0487137474266323
"2007-11-14",-0.0122423640781638
"2007-11-15",0.350572601663232
"2007-11-16",0.419414209997442
"2007-11-19",0.416057258567084
"2007-11-20",0.435218253522
"2007-11-21",0.0729154534693049
"2007-11-22",-0.0531492944652409
"2007-11-23",-0.0443606183493011
"2007-11-26",0.180635646829325
"2007-11-27",0.0284390119533064
"2007-11-28",0.203040216893577
"2007-11-29",0.182849931539476
"2007-11-30",0.226787367173683
"2007-12-03",0.38919753668776
"2007-12-04",0.409228878563408
"2007-12-05",0.239944324085367
"2007-12-06",0.218784356630261
"2007-12-07",0.373037595507815
"2007-12-10",0.244931699603806
"2007-12-11",0.428722890525983
"2007-12-12",0.418367541960856
"2007-12-13",0.425741581221021
"2007-12-14",0.377074273051359
"2007-12-17",0.471597042906824
"2007-12-18",0.312614366611568
"2007-12-19",0.299485581349475
"2007-12-20",0.443458641153505
"2007-12-24",0.52161294301723
"2007-12-26",0.636103918872608
"2007-12-27",0.401306010727314
"2007-12-28",0.324252896907757
"2007-12-31",0.224989447202557
"2008-01-01",0.231277076772177
"2008-01-02",0.283314708476984
"2008-01-03",0.29894564892
"2008-01-04",0.204605611064997
"2008-01-07",0.259846373562027
"2008-01-08",0.0762006690523794
"2008-01-09",0.307172078429546
"2008-01-10",0.13817933388714
"2008-01-11",0.121308365771471
"2008-01-14",0.0897366917599295
"2008-01-15",0.190478181731294
"2008-01-16",0.342777832791422
"2008-01-17",0.672125354164536
"2008-01-18",0.601625008714944
"2008-01-21",0.230456610367721
"2008-01-22",0.445127460175221
"2008-01-23",0.349969706443332
"2008-01-24",0.253055253858633
"2008-01-25",0.155893605021317
"2008-01-28",0.19145244091299
"2008-01-29",0.179342925269335
"2008-01-30",0.383916041531041
"2008-01-31",0.626636822932835
"2008-02-01",0.860725166392301
"2008-02-04",0.993996485812465
"2008-02-05",-0.169492972858148
"2008-02-06",0.414982099628305
"2008-02-07",-0.355964368142019
"2008-02-08",-0.116723599484084
"2008-02-11",-0.137195160597548
"2008-02-12",-0.0791515353185439
"2008-02-13",-0.0650933072682772
"2008-02-14",-0.281774986565802
"2008-02-15",-0.167437955157004
"2008-02-18",0.0173548973417155
"2008-02-19",0.234528410450042
"2008-02-20",0.03483759601702
"2008-02-21",-0.0750566487775433
"2008-02-22",0.278671911580716
"2008-02-25",0.246412672897772
"2008-02-26",0.0867708491565124
"2008-02-27",0.22692439093738
"2008-02-28",0.29375343279355
"2008-02-29",0.285312931435672
"2008-03-03",0.322584626397697
"2008-03-04",0.300181593550291
"2008-03-05",0.291074243973483
"2008-03-07",-0.0275576599443084
"2008-03-10",0.0547983926484459
"2008-03-11",0.115294603973011
"2008-03-12",0.195108163169266
"2008-03-13",0.158652747986355
"2008-03-14",0.214234010937535
"2008-03-17",0.300395585362296
"2008-03-18",0.438440362187293
"2008-03-19",0.310110773523917
"2008-03-24",0.528655971570156
"2008-03-25",0.0892274455515239
"2008-03-26",0.296061864960476
"2008-03-27",0.212043179668503
"2008-03-28",0.25946149594243
"2008-03-31",0.711775005818397
"2008-04-01",0.810052367385816
"2008-04-02",0.925897782887556
"2008-04-03",0.915282615575085
"2008-04-04",0.525419884478066
"2008-04-07",0.186025560693168
"2008-04-08",0.441954002780455
"2008-04-09",0.24297409291171
"2008-04-10",0.359219211758446
"2008-04-11",0.556684596309404
"2008-04-15",0.657291587173097
"2008-04-16",0.592191697100429
"2008-04-17",0.606919031268192
"2008-04-21",0.553018252915646
"2008-04-22",0.4273118817363
"2008-04-23",0.417133102588564
"2008-04-24",0.396005132150346
"2008-04-25",0.228311736550254
"2008-04-28",-0.0264123237770576
"2008-04-29",-0.0927527275183482
"2008-04-30",-0.103913974571791
"2008-05-02",-0.300888448175732
"2008-05-05",-0.202501647469217
"2008-05-06",-0.325795496796526
"2008-05-07",-0.396995661796361
"2008-05-08",-0.328004062493723
"2008-05-09",0.0847771918611726
"2008-05-12",-0.0343862008158167
"2008-05-13",0.243076558013965
"2008-05-14",0.0209458498807049
"2008-05-15",-0.0754795289621872
"2008-05-16",-0.174292585180291
"2008-05-20",-0.103793254750019
"2008-05-21",0.24987775795066
"2008-05-22",0.247079610302167
"2008-05-23",0.317851572523564
"2008-05-26",0.355191785123031
"2008-05-27",0.385228625670398
"2008-05-28",0.264008206834191
"2008-05-29",0.369591038561617
"2008-05-30",0.427688721472716
"2008-06-02",0.44915596936175
"2008-06-03",0.408461715359566
"2008-06-04",0.195395068718059
"2008-06-05",-0.287498350922818
"2008-06-06",-0.190418468065555
"2008-06-09",0.138781903648786
"2008-06-10",0.293620293491234
"2008-06-11",0.271571822649858
"2008-06-12",0.190903055500684
"2008-06-13",0.181934029059658
"2008-06-16",0.151820308770703
"2008-06-17",-0.0207576399948218
"2008-06-18",0.332410392554257
"2008-06-19",0.364212626996082
"2008-06-20",0.222227049846596
"2008-06-23",0.0712828501720901
"2008-06-24",-0.0292728134931736
"2008-06-25",0.158643729798689
"2008-06-26",0.186809894229183
"2008-06-27",0.118094570816376
"2008-06-30",0.0492896205618657
"2008-07-01",0.211920403146124
"2008-07-02",0.141468920252485
"2008-07-03",0.10210947222277
"2008-07-04",0.146332250115149
"2008-07-07",0.331766465051101
"2008-07-08",0.365629815534935
"2008-07-09",0.355402386791579
"2008-07-10",0.977151451920287
"2008-07-11",0.867037894882949
"2008-07-14",1.08246887529922
"2008-07-15",0.5164442849403
"2008-07-16",0.46847042641189
"2008-07-17",0.783391429584483
"2008-07-18",0.351857129115342
"2008-07-21",0.351200219851564
"2008-07-22",0.31673425603857
"2008-07-23",0.360624276802193
"2008-07-24",0.27965180329442
"2008-07-25",0.236617913261569
"2008-07-28",0.261019454779934
"2008-07-29",0.22862074757336
"2008-07-30",0.0867096746722036
"2008-07-31",0.0777055413948857
"2008-08-01",0.1652741581534
"2008-08-04",0.210090056768832
"2008-08-05",-0.00997358110938211
"2008-08-06",-0.0230012147327775
"2008-08-07",0.104121234160392
"2008-08-08",0.153908556847124
"2008-08-11",0.397979042360984
"2008-08-12",0.454536426821888
"2008-08-13",0.384255479806192
"2008-08-14",0.380148425256174
"2008-08-18",0.353930332650074
"2008-08-19",0.351486893196517
"2008-08-20",0.280684364086182
"2008-08-21",0.176963483395262
"2008-08-22",-0.0590370672203647
"2008-08-25",0.263006499582325
"2008-08-26",0.196330551425244
"2008-08-27",0.255871219765288
"2008-08-28",0.125754125413195
"2008-08-29",0.296610098386237
"2008-09-01",0.128702885434673
"2008-09-02",0.00951110067794007
"2008-09-04",-0.00486331995807995
"2008-09-05",-0.121844858626831
"2008-09-08",0.0996752080511956
"2008-09-09",0.0253350221610414
"2008-09-10",-0.00670042051124789
"2008-09-11",0.00576389164206806
"2008-09-12",0.112898957977225
"2008-09-15",0.177283996139136
"2008-09-16",0.131600395816912
"2008-09-17",-0.0184480358493376
"2008-09-18",0.0427898779905455
"2008-09-19",0.482104609159137
"2008-09-22",0.266991740866351
"2008-09-23",0.194255751717301
"2008-09-24",0.54441515619085
"2008-09-25",0.509420657150862
"2008-09-26",0.30062833258766
"2008-09-29",0.458192410729165
"2008-09-30",0.862897157598172
"2008-10-01",0.886461103492338
"2008-10-03",0.557082784052161
"2008-10-06",0.391544797825059
"2008-10-07",0.59752415790499
"2008-10-08",0.242858015110427
"2008-10-10",0.135611631759852
"2008-10-13",0.176169885657263
"2008-10-14",0.173411217968507
"2008-10-15",0.293966584098654
"2008-10-16",0.309050058564983
"2008-10-17",0.382205609766694
"2008-10-20",0.481264731439417
"2008-10-21",0.557702461250125
"2008-10-22",0.518297271293696
"2008-10-23",0.642741349268111
"2008-10-24",0.629845690816091
"2008-10-27",0.813381942603412
"2008-10-29",0.911845679339706
"2008-10-31",0.755086844470509
"2008-11-03",0.298736412812757
"2008-11-04",0.402730609298546
"2008-11-05",0.167938438825095
"2008-11-06",0.459288942711419
"2008-11-07",0.138821133971947
"2008-11-10",1.41702278487068
"2008-11-11",1.80641345877949
"2008-11-12",0.519017437546604
"2008-11-14",0.0825547451216195
"2008-11-17",-0.220555646050971
"2008-11-18",0.0440343209021649
"2008-11-19",0.0583163234772527
"2008-11-20",0.377688289509695
"2008-11-21",0.231637606885485
"2008-11-24",0.308793280062294
"2008-11-25",0.192300638343599
"2008-11-26",-0.0240869360944541
"2008-11-28",-0.0943905743435484
"2008-12-01",-0.0450519751471951
"2008-12-02",0.200923289348118
"2008-12-03",0.160138466972638
"2008-12-04",0.0379770907163331
"2008-12-05",-0.0383599393851669
"2008-12-08",0.308772792164686
"2008-12-10",0.158884900367797
"2008-12-11",0.159654794118571
"2008-12-12",0.239470950046451
"2008-12-15",0.201182282119818
"2008-12-16",0.478014905882752
"2008-12-17",0.607579141608017
"2008-12-18",0.606097300405777
"2008-12-19",0.816893599325745
"2008-12-22",0.866548432409912
"2008-12-23",0.957650083972178
"2008-12-24",0.726947807474395
"2008-12-26",0.781716275604577
"2008-12-29",0.590009382125366
"2008-12-30",0.392675315301482
"2008-12-31",0.293751449467007
"2009-01-02",-0.0660316663295005
"2009-01-05",-0.174681251639885
"2009-01-06",-0.187887009790623
"2009-01-07",-0.195496122622686
"2009-01-09",-0.192005564193028
"2009-01-12",-0.378677012958945
"2009-01-13",-0.561902797494497
"2009-01-14",-0.541475844226146
"2009-01-15",-0.280841118063212
"2009-01-16",-0.207732245588758
"2009-01-19",-0.210496177646541
"2009-01-20",-0.313331021044941
"2009-01-21",-0.294409982234934
"2009-01-22",-0.392135275218874
"2009-01-23",0.197398364743436
"2009-01-27",-0.0321599645070623
"2009-01-28",-0.208687495445112
"2009-01-29",0.0380344693740588
"2009-01-30",-0.187904684083423
"2009-02-02",0.162188364859297
"2009-02-03",0.163226740240045
"2009-02-04",0.0727893951305303
"2009-02-05",0.143049409376761
"2009-02-06",-0.0090819442702277
"2009-02-09",-0.205566329916397
"2009-02-10",-0.0404486759388925
"2009-02-11",0.0242554335567664
"2009-02-12",-0.0462264124969034
"2009-02-13",-0.115867899679591
"2009-02-16",-0.153536807555857
"2009-02-17",-0.183523189569611
"2009-02-18",-0.0435570392064857
"2009-02-19",-0.0281154671533732
"2009-02-20",0.0556766688315549
"2009-02-24",0.0589693895539151
"2009-02-25",-0.183280946017769
"2009-02-26",-0.056446147872668
"2009-02-27",-0.0294870073568058
"2009-03-02",0.191163628843384
"2009-03-03",0.232075871266089
"2009-03-04",0.260725817231873
"2009-03-05",0.382772179320989
"2009-03-06",0.432567855122386
"2009-03-09",0.174097714095175
"2009-03-12",-0.195229266734097
"2009-03-13",-0.199745630177141
"2009-03-16",-0.124176716848404
"2009-03-17",-0.262860815843172
"2009-03-18",0.0568092030498353
"2009-03-19",-0.000121435175916256
"2009-03-20",0.317526290182744
"2009-03-23",0.435696916333962
"2009-03-24",0.0184284284798246
"2009-03-25",-0.164966786431784
"2009-03-26",-0.039060517362281
"2009-03-27",-0.114136206430699
"2009-03-30",-0.126920466435075
"2009-03-31",0.0361596718645584
"2009-04-01",0.151936769108215
"2009-04-02",0.35465486217483
"2009-04-06",-0.054816450217775
"2009-04-08",1.16253184012707
"2009-04-09",0.91132557473854
"2009-04-13",0.0640897922690098
"2009-04-15",0.459845055130081
"2009-04-16",0.45303530319534
"2009-04-17",-0.128111477237423
"2009-04-20",-0.594483044877325
"2009-04-21",-0.720918076271744
"2009-04-22",-0.616836564840415
"2009-04-23",-0.752526884127926
"2009-04-24",-0.837616967274593
"2009-04-27",-0.838508790759897
"2009-04-28",-0.7412987218488
"2009-04-29",-0.186562742745757
"2009-04-30",0.679946951586725
"2009-05-04",-0.393658238538423
"2009-05-05",-0.403652335964228
"2009-05-06",-0.405971646724701
"2009-05-07",-0.403326550469674
"2009-05-08",-0.404059419758643
"2009-05-11",-0.404803182551899
"2009-05-12",-0.408552561930529
"2009-05-13",-0.408734563412358
"2009-05-14",0.554874913654405
"2009-05-15",0.337238606666614
"2009-05-18",0.266733522172955
"2009-05-19",0.231656567835667
"2009-05-20",0.193347342760431
"2009-05-21",0.199374280728167
"2009-05-22",0.0113771891663505
"2009-05-25",0.021515334434201
"2009-05-26",0.569349715237211
"2009-05-27",0.459658007511061
"2009-05-28",0.258502824236919
"2009-05-29",-0.137454713000117
"2009-06-01",-0.23711765747836
"2009-06-02",-0.301282966381615
"2009-06-03",-0.299885064304003
"2009-06-04",-0.0720078713047526
"2009-06-05",-0.107600482476207
"2009-06-08",-0.108099469399948
"2009-06-09",-0.169938338593659
"2009-06-10",-0.0905817316928931
"2009-06-11",0.0183866529623325
"2009-06-12",0.0808885300742739
"2009-06-15",0.114860293070709
"2009-06-16",0.0707784129341644
"2009-06-17",-0.0465162710662302
"2009-06-18",-0.275420741700483
"2009-06-19",-0.424019039302488
"2009-06-22",-0.323375008091477
"2009-06-23",-0.0934346797419895
"2009-06-24",-0.0298912221497086
"2009-06-25",-0.171984229728881
"2009-06-26",-0.0972736028151741
"2009-06-29",0.0158534618909877
"2009-06-30",0.240134328543075
"2009-07-01",0.297550271017829
"2009-07-02",0.51558614548817
"2009-07-03",0.436949839101532
"2009-07-06",0.513051134668025
"2009-07-07",0.467317900676179
"2009-07-08",0.441147634762544
"2009-07-09",0.257127899117775
"2009-07-10",0.324691728565369
"2009-07-13",0.200925188306938
"2009-07-14",0.211375467639975
"2009-07-15",0.331572687428782
"2009-07-16",0.385243220096139
"2009-07-17",0.641243062182527
"2009-07-20",0.396698700323268
"2009-07-21",0.281396828737927
"2009-07-22",0.71744200435694
"2009-07-23",0.638853598697747
"2009-07-24",0.628359093645651
"2009-07-27",0.557966568920515
"2009-07-28",0.478590000339418
"2009-07-29",0.371649257766937
"2009-07-30",0.423110409087884
"2009-07-31",0.227788342734917
"2009-08-03",0.244121098870934
"2009-08-04",0.217824863701505
"2009-08-05",0.232990389719368
"2009-08-06",0.191882686897108
"2009-08-07",0.204728450455094
"2009-08-10",0.226417026997684
"2009-08-11",0.123803832120807
"2009-08-12",0.0462380531505264
"2009-08-13",-0.0512399722527579
"2009-08-14",0.10862868775999
"2009-08-17",0.20277125268024
"2009-08-18",0.0855409744939009
"2009-08-19",0.29299666952405
"2009-08-20",0.183078621225883
"2009-08-21",0.147618700307339
"2009-08-24",0.264318155553296
"2009-08-25",0.139186993332356
"2009-08-26",0.178287771572715
"2009-08-27",0.145479743185453
"2009-08-28",0.262950980868924
"2009-08-31",0.255782323991705
"2009-09-01",0.217833328306409
"2009-09-02",0.243492463470511
"2009-09-03",0.255497688549501
"2009-09-04",0.311035174183333
"2009-09-07",0.307301218034673
"2009-09-08",0.243910651773513
"2009-09-09",0.323686717830114
"2009-09-10",0.216913439383683
"2009-09-11",0.203606516946158
"2009-09-14",0.0691794870704412
"2009-09-15",0.00754001921905398
"2009-09-16",0.0769141743329859
"2009-09-17",-0.00912262429775204
"2009-09-18",-0.13327708687406
"2009-09-22",0.245771613233119
"2009-09-23",-0.0510445157518687
"2009-09-24",-0.257318420679569
"2009-09-25",-0.0276234279970089
"2009-09-29",0.865591017983147
"2009-09-30",1.3676408232043
"2009-10-01",1.02023684083631
"2009-10-05",1.94608643039534
"2009-10-06",1.7268743395751
"2009-10-07",1.19527065967462
"2009-10-08",0.0639728261086202
"2009-10-09",-0.0809355919968403
"2009-10-12",-0.510661578782598
"2009-10-13",-0.39996427169206
"2009-10-14",-0.411461490002621
"2009-10-15",-0.411864685125519
"2009-10-16",-0.411895468185252
"2009-10-20",-0.404390180929576
"2009-10-21",-0.411235896107042
"2009-10-22",-0.411857064632882
"2009-10-23",-0.411806954578116
"2009-10-26",-0.411863138916779
"2009-10-27",0.44300498316912
"2009-10-28",0.0343498706457885
"2009-10-29",-0.223154039563449
"2009-10-30",-0.216946082593035
"2009-11-03",-0.0537995008770248
"2009-11-04",-0.223580369478273
"2009-11-05",-0.27811679157057
"2009-11-06",-0.294746519893832
"2009-11-09",-0.300012061094844
"2009-11-10",-0.300670184724693
"2009-11-11",-0.303120421869271
"2009-11-12",-0.429239727942554
"2009-11-13",-0.337421045058336
"2009-11-16",-0.363236260231876
"2009-11-17",0.0171022215763122
"2009-11-18",0.141446809723488
"2009-11-19",0.23788833895932
"2009-11-20",0.330531016028319
"2009-11-23",0.0124251519552565
"2009-11-24",0.154845198355915
"2009-11-25",0.0924100802804457
"2009-11-26",0.0142895321053183
"2009-11-27",-0.0902516913586373
"2009-11-30",0.0639994638007014
"2009-12-01",0.190635571413511
"2009-12-02",0.0690634730777037
"2009-12-03",-0.239376305000188
"2009-12-04",-0.279620452211646
"2009-12-07",-0.279305186216439
"2009-12-08",-0.170563787880863
"2009-12-09",-0.0593823300866873
"2009-12-10",-0.185379113181439
"2009-12-11",-0.0214541659851868
"2009-12-14",-0.153684822804082
"2009-12-15",-0.000535950736654583
"2009-12-16",-0.216934551022419
"2009-12-17",-0.0188247280302732
"2009-12-18",-0.118055312576251
"2009-12-21",-0.144906857890808
"2009-12-22",-0.156547029424861
"2009-12-23",-0.245306729897353
"2009-12-24",-0.123526434764842
"2009-12-29",-0.129891413418067
"2009-12-30",-0.208927825248474
"2009-12-31",-0.416100659530822
"2010-01-04",-0.470543834082211
"2010-01-05",-0.618777093075801
"2010-01-06",-0.797931719552482
"2010-01-07",-0.820780524766396
"2010-01-08",-0.84585269418032
"2010-01-11",-0.850261893952921
"2010-01-12",-0.835715570957616
"2010-01-13",-0.722073475367153
"2010-01-14",-0.685410647983205
"2010-01-15",-0.727704466827237
"2010-01-18",-0.258347713522825
"2010-01-19",-0.263680448686536
"2010-01-20",-0.0105552053544093
"2010-01-21",0.149314630393532
"2010-01-22",0.269013855490709
"2010-01-25",0.31233191554545
"2010-01-27",-0.810955801715678
"2010-01-28",-0.793938867660402
"2010-01-29",-0.77867694416875
"2010-02-01",-0.784161177935589
"2010-02-02",-0.790368147325355
"2010-02-03",-0.837600998411578
"2010-02-04",-0.847067559112698
"2010-02-05",-0.820199492562197
"2010-02-08",-0.826015633531341
"2010-02-09",-0.78079908024601
"2010-02-10",0.0621728060597691
"2010-02-11",0.244369588486465
"2010-02-15",0.452197399827201
"2010-02-16",0.352011571496385
"2010-02-17",0.488712644686782
"2010-02-18",0.543320519679217
"2010-02-19",0.369926950225552
"2010-02-22",0.232473304806776
"2010-02-23",0.188509825572623
"2010-02-24",0.226623311305211
"2010-02-25",0.217637903160706
"2010-02-26",-0.0208348937461803
"2010-03-02",0.0799190059947059
"2010-03-03",0.282361202874957
"2010-03-04",0.279331592076581
"2010-03-05",0.141209807825273
"2010-03-08",0.114714667451557
"2010-03-09",0.0681657703148355
"2010-03-10",0.105144419455364
"2010-03-11",0.141703146682695
"2010-03-12",0.182453216649576
"2010-03-15",0.199077005228041
"2010-03-16",0.100595934516929
"2010-03-17",-0.186043774961913
"2010-03-18",-0.0705418013649037
"2010-03-19",-0.115287866199685
"2010-03-22",-0.170953047493874
"2010-03-23",-0.314015377054016
"2010-03-25",-0.258836568012511
"2010-03-26",-0.385855071239149
"2010-03-29",-0.563423548132489
"2010-03-30",-0.674845444987607
"2010-03-31",-0.73535395042881
"2010-04-01",-0.680753960529346
"2010-04-05",-0.673361579729278
"2010-04-06",-0.672615469943339
"2010-04-07",-0.690901133574729
"2010-04-08",-0.619465095742502
"2010-04-09",-0.49525790230296
"2010-04-12",-0.391788461169898
"2010-04-13",-0.321746776082401
"2010-04-15",-0.198723568799662
"2010-04-16",-0.176333412179885
"2010-04-19",-0.115449030222943
"2010-04-20",0.0857000138378433
"2010-04-21",0.140589240677855
"2010-04-22",-0.0252518842915802
"2010-04-23",-0.0367739893864327
"2010-04-26",0.00687358517522273
"2010-04-27",-0.129804872296279
"2010-04-28",-0.219055270769966
"2010-04-29",-0.302399752645466
"2010-04-30",-0.157844050897404
"2010-05-03",0.0524235677853739
"2010-05-04",0.113330309876037
"2010-05-05",-0.0656473155962079
"2010-05-06",-0.00398128714316987
"2010-05-07",0.0984239275333447
"2010-05-10",0.0791541387175438
"2010-05-11",0.103031239590107
"2010-05-12",0.0345389421444885
"2010-05-13",0.027027623167784
"2010-05-14",0.145353103378749
"2010-05-17",0.113514414461542
"2010-05-18",0.100603883576985
"2010-05-19",0.0705188629671217
"2010-05-20",0.0116831011500744
"2010-05-21",-0.266563249287654
"2010-05-24",-0.180596093660068
"2010-05-25",-0.264239185474869
"2010-05-26",-0.154620791062713
"2010-05-27",-0.24344127257328
"2010-05-28",-0.211896369196644
"2010-05-31",-0.254400943001508
"2010-06-01",-0.193671376719268
"2010-06-02",-0.535870906319469
"2010-06-03",-0.248864836665523
"2010-06-04",0.0762036611777367
"2010-06-07",0.231323318212953
"2010-06-08",0.215698742235308
"2010-06-09",0.34103976770597
"2010-06-10",0.281206418985746
"2010-06-11",0.342182665246592
"2010-06-14",0.327881586017603
"2010-06-15",0.28035377190555
"2010-06-16",0.0641846074693685
"2010-06-17",0.180761874194449
"2010-06-18",0.0347857189774751
"2010-06-21",0.248135494535258
"2010-06-22",0.0747718431434202
"2010-06-23",0.119588426516415
"2010-06-24",0.124906205774763
"2010-06-25",0.133610199301735
"2010-06-28",0.317788244903812
"2010-06-29",0.294598555426364
"2010-06-30",0.251045283903521
"2010-07-01",0.221828019068057
"2010-07-02",0.344282995986437
"2010-07-05",0.238053479110508
"2010-07-06",0.234504537397385
"2010-07-07",0.412428198520176
"2010-07-08",0.39846069244895
"2010-07-09",0.448012542370959
"2010-07-12",0.4914545906483
"2010-07-13",0.406508498031573
"2010-07-14",0.415895938761742
"2010-07-15",0.287890787036227
"2010-07-16",0.188549923719327
"2010-07-19",-0.0182016990085565
"2010-07-20",-0.0604039828273935
"2010-07-21",-0.133665145471326
"2010-07-22",-0.505445770070394
"2010-07-23",-0.465508642938597
"2010-07-26",-0.516656750950571
"2010-07-27",-0.362606303983764
"2010-07-28",-0.349508453701132
"2010-07-29",-0.316297145775982
"2010-07-30",-0.391511382410627
"2010-08-02",-0.357210957335247
"2010-08-03",-0.430703361704198
"2010-08-04",-0.338643858088921
"2010-08-05",-0.493296636488161
"2010-08-06",-0.489967328529483
"2010-08-09",-0.442248463790292
"2010-08-10",-0.313951495148609
"2010-08-11",-0.314574023179089
"2010-08-12",-0.353836399447318
"2010-08-13",-0.500674566175992
"2010-08-16",-0.517005077372139
"2010-08-17",-0.548815395903463
"2010-08-18",-0.341220910175697
"2010-08-19",-0.249718100038954
"2010-08-20",-0.345043318865499
"2010-08-23",-0.431577407949129
"2010-08-24",-0.449044985706345
"2010-08-25",-0.271492003201284
"2010-08-26",-0.0886592566988943
"2010-08-27",-0.115074524035255
"2010-08-30",-0.0115119812154972
"2010-08-31",-0.154677917030038
"2010-09-01",-0.142824191568787
"2010-09-02",-0.28613375102192
"2010-09-03",-0.182196322119855
"2010-09-06",-0.123880985080697
"2010-09-07",-0.0112618169926083
"2010-09-08",0.0942888867437302
"2010-09-09",0.0881793863923294
"2010-09-13",0.128522119742528
"2010-09-14",0.174630062802443
"2010-09-15",0.205850248922251
"2010-09-16",0.371499139865427
"2010-09-17",0.795628375007011
"2010-09-20",0.859363980801466
"2010-09-21",0.889032659499882
"2010-09-22",0.910008648338325
"2010-09-23",0.944976672261575
"2010-09-24",0.898218156960681
"2010-09-27",0.876846142787475
"2010-09-28",0.859960896701037
"2010-09-29",0.830194394589298
"2010-09-30",0.674426269153501
"2010-10-01",0.615146828225603
"2010-10-04",0.461736845824031
"2010-10-05",0.214947494370903
"2010-10-06",0.0897611176165083
"2010-10-07",0.0395768787169824
"2010-10-08",-0.0281428628009226
"2010-10-11",0.0691432755029212
"2010-10-12",0.137530933287156
"2010-10-13",0.0536122874347437
"2010-10-14",-0.0269221849030392
"2010-10-15",0.0392602360188772
"2010-10-18",0.0525292981208254
"2010-10-19",-0.029499632028302
"2010-10-20",-0.116034958021862
"2010-10-21",0.0250386588337667
"2010-10-22",-0.18779149705817
"2010-10-25",-0.359131157363609
"2010-10-26",-0.216033799257574
"2010-10-27",-0.109118865375595
"2010-10-28",-0.276162840426939
"2010-10-29",-0.279382780534467
"2010-11-01",-0.345244858393907
"2010-11-02",-0.521088378870249
"2010-11-03",-0.474960136932456
"2010-11-04",-0.185170710643698
"2010-11-08",-0.200182676272928
"2010-11-09",-0.167522988352816
"2010-11-10",0.0441001783696792
"2010-11-11",-0.13050421883137
"2010-11-12",-0.294617979925043
"2010-11-15",-0.390155242590575
"2010-11-16",-0.264930121007971
"2010-11-18",0.0332824596743676
"2010-11-19",0.2142337907687
"2010-11-22",0.24512903306903
"2010-11-23",0.236687358592342
"2010-11-24",0.265562960244856
"2010-11-25",0.20739306552887
"2010-11-26",0.340739444262134
"2010-11-29",0.359342803354307
"2010-11-30",0.278185947372273
"2010-12-01",0.232277854921386
"2010-12-02",0.047222150177437
"2010-12-03",0.199284484117704
"2010-12-06",0.252319303531834
"2010-12-07",0.318869366300716
"2010-12-08",0.283527284262374
"2010-12-09",0.37479728445213
"2010-12-10",0.233030360704685
"2010-12-13",0.0703885123925289
"2010-12-14",-0.142663100507593
"2010-12-15",-0.248398471622468
"2010-12-16",-0.323622973850844
"2010-12-20",-0.341964557409527
"2010-12-21",-0.458325184222123
"2010-12-22",-0.436627178575414
"2010-12-23",-0.467127234912113
"2010-12-24",-0.528086011132206
"2010-12-27",-0.518969619522402
"2010-12-28",-0.546845402485723
"2010-12-29",-0.209957714085103
"2010-12-30",-0.286614811838943
"2010-12-31",-0.145621842411994
"2011-01-03",0.00666935186076626
"2011-01-04",-0.0261735229216696
"2011-01-05",-0.0788569787861247
"2011-01-06",-0.477197529619748
"2011-01-07",-0.797782025182568
"2011-01-10",-0.690183446535406
"2011-01-11",-0.541488720943718
"2011-01-12",0.00585662400615041
"2011-01-13",0.0219037062848204
"2011-01-14",0.289297803170147
"2011-01-17",0.381202866952339
"2011-01-18",0.419128797981703
"2011-01-19",0.262177514805172
"2011-01-20",0.240576715160585
"2011-01-21",0.263226142000937
"2011-01-24",0.157716318180518
"2011-01-25",0.210684011513901
"2011-01-27",0.39275235549591
"2011-01-28",0.295853484765989
"2011-01-31",0.0993531386847079
"2011-02-01",0.0921116204162837
"2011-02-02",-0.210729061619162
"2011-02-03",0.0266787080066531
"2011-02-04",0.217868197792583
"2011-02-07",0.016153714082613
"2011-02-08",-1.19927863269905
"2011-02-09",-1.48244362417042
"2011-02-10",-1.46630044844517
"2011-02-11",-1.2237996813386
"2011-02-14",-1.14199485232669
"2011-02-15",-0.484276261613957
"2011-02-16",0.0541822160142925
"2011-02-17",0.2802631548222
"2011-02-18",0.390478693534096
"2011-02-21",0.905704537300359
"2011-02-22",-0.081577919450895
"2011-02-23",0.189473415136643
"2011-02-24",-0.181489351493963
"2011-02-25",0.198779546765828
"2011-02-28",0.369335568079844
"2011-03-01",0.437865926246343
"2011-03-03",-0.463832379813251
"2011-03-04",-0.506109340303262
"2011-03-07",-0.39969892464943
"2011-03-08",-0.282218600881272
"2011-03-09",-0.0808215977534305
"2011-03-10",-0.0803132098579872
"2011-03-11",-0.0306303098791135
"2011-03-14",0.0476203553745042
"2011-03-15",-0.0290163902265274
"2011-03-16",-0.273390464656282
"2011-03-17",0.089229176580085
"2011-03-18",0.0843823463894234
"2011-03-21",0.108138461894409
"2011-03-22",0.108866071630672
"2011-03-23",0.0943781555782557
"2011-03-24",0.139409923752799
"2011-03-25",0.104209501096757
"2011-03-28",0.232605813116897
"2011-03-29",0.0962773874898888
"2011-03-30",0.139907036168649
"2011-03-31",-0.0959694898038976
"2011-04-01",-0.233218868426345
"2011-04-04",-0.292866135005088
"2011-04-05",-0.295909264796809
"2011-04-06",-0.259144363544997
"2011-04-07",-0.460642280729784
"2011-04-08",-0.397481793896917
"2011-04-11",-0.235099658395502
"2011-04-13",-0.622368667803113
"2011-04-15",-0.427551766571516
"2011-04-18",-0.343871828221069
"2011-04-19",-0.309426186132957
"2011-04-20",-0.334664883121366
"2011-04-21",-0.365888327093498
"2011-04-25",-0.514754472372705
"2011-04-26",-0.512015865928719
"2011-04-27",-0.540955203240918
"2011-04-28",-0.557056258411037
"2011-04-29",-0.573766163066666
"2011-05-02",-0.562038928691377
"2011-05-03",-0.399680222174846
"2011-05-04",-0.440658453368699
"2011-05-05",-0.258362215618965
"2011-05-06",-0.293900029529382
"2011-05-09",0.334428449693803
"2011-05-10",0.254857072883758
"2011-05-11",0.270405947702184
"2011-05-12",0.352635473802377
"2011-05-13",0.374571496304935
"2011-05-16",0.333226686406474
"2011-05-17",0.510525191289499
"2011-05-18",0.562214354008668
"2011-05-19",0.53037274404886
"2011-05-20",0.527318692583393
"2011-05-23",0.390839235942685
"2011-05-24",0.5595709961512
"2011-05-25",0.557223290003476
"2011-05-26",0.505041701065146
"2011-05-27",0.358977492666165
"2011-05-30",0.0692790507386148
"2011-05-31",0.142482437187491
"2011-06-01",0.169900183924068
"2011-06-02",0.109519620393727
"2011-06-03",-0.0722752255841844
"2011-06-06",-0.155280644108042
"2011-06-07",-0.17208349804117
"2011-06-08",0.124595970808822
"2011-06-09",-0.334874359149258
"2011-06-10",-0.361427725744145
"2011-06-13",-0.305887997209574
"2011-06-14",-0.315561145672167
"2011-06-15",-0.273677471084777
"2011-06-16",-0.151063619527566
"2011-06-17",-0.112983399070468
"2011-06-20",-0.00720557088779722
"2011-06-21",-0.0337198627234171
"2011-06-22",0.105709956659008
"2011-06-23",-0.0445711781290673
"2011-06-24",-0.190433755701291
"2011-06-27",-0.155676195118243
"2011-06-28",0.00532053226053976
"2011-06-29",0.0101765185224363
"2011-06-30",-0.0179593115424644
"2011-07-01",0.00419693494722191
"2011-07-04",0.300626251062183
"2011-07-05",0.190425348739911
"2011-07-06",0.0465262891057014
"2011-07-07",0.018476498799646
"2011-07-08",-0.0482393072131752
"2011-07-11",-0.0602730300494767
"2011-07-12",0.110880303435223
"2011-07-13",0.388846467680016
"2011-07-14",0.253168789188453
"2011-07-15",0.0969792023553749
"2011-07-18",0.142140212597662
"2011-07-19",0.260868861571016
"2011-07-20",0.253050351749927
"2011-07-21",0.2045429265289
"2011-07-22",0.190099301240223
"2011-07-25",0.158564224070328
"2011-07-26",-0.0248214299973118
"2011-07-27",0.0808622125372787
"2011-07-28",0.209961138664372
"2011-07-29",-0.0838732851148926
"2011-08-01",0.108442982063692
"2011-08-02",0.270647228089674
"2011-08-03",0.256362337774932
"2011-08-04",0.053110302249375
"2011-08-05",0.203860580056697
"2011-08-08",0.194262202458708
"2011-08-09",0.130228193974432
"2011-08-10",-0.0214170717613322
"2011-08-11",0.13405283924352
"2011-08-12",0.300569089825332
"2011-08-16",0.176904934676438
"2011-08-17",0.205279731616616
"2011-08-18",0.254024178636809
"2011-08-19",0.38298138970411
"2011-08-22",0.243223241582364
"2011-08-23",0.12082165729435
"2011-08-24",0.0864543058233353
"2011-08-25",0.159317871479591
"2011-08-26",0.0802057391328649
"2011-08-29",0.215539982035235
"2011-08-30",-0.052837882254548
"2011-09-02",-0.151847242430369
"2011-09-05",-0.143078570910266
"2011-09-06",-0.0192549692597688
"2011-09-07",-0.158101570742977
"2011-09-08",0.00165759523316482
"2011-09-09",-0.0190107981274864
"2011-09-12",-0.0190071258530565
"2011-09-13",0.0495457360621473
"2011-09-14",0.00868779645246252
"2011-09-15",0.0152778015211501
"2011-09-16",0.206003417992927
"2011-09-19",0.0268834435791513
"2011-09-20",-0.0998766164979994
"2011-09-21",-0.0437129590025905
"2011-09-22",0.0420728089783599
"2011-09-23",0.0626852216759193
"2011-09-26",0.0431989591384509
"2011-09-27",-0.0213859492744079
"2011-09-28",-0.0303241094010312
"2011-09-29",0.0204141418424824
"2011-09-30",0.00782456430439243
"2011-10-03",-0.0729616440354519
"2011-10-04",-0.0477065933516739
"2011-10-05",0.0489578238063298
"2011-10-07",0.445001170109621
"2011-10-10",0.566993025202865
"2011-10-11",0.492179723533216
"2011-10-12",0.32390111639122
"2011-10-13",0.305029624343469
"2011-10-14",0.19426210579338
"2011-10-17",0.199941198926868
"2011-10-18",0.151802906937924
"2011-10-19",0.264787336155662
"2011-10-20",0.405617401274173
"2011-10-21",0.183923128631766
"2011-10-24",0.351884695376845
"2011-10-25",0.144026079483076
"2011-10-28",0.334447519432813
"2011-10-31",0.00179090800309601
"2011-11-01",0.051242603956527
"2011-11-02",0.0309709243338692
"2011-11-03",-0.0541507058862201
"2011-11-04",0.0831414917420932
"2011-11-08",0.202031768949361
"2011-11-09",0.189084620326189
"2011-11-11",0.0182480726170427
"2011-11-14",-0.182962564889475
"2011-11-15",-0.304865427918203
"2011-11-16",-0.302204639519858
"2011-11-17",-0.161200371984598
"2011-11-18",-0.160285903329841
"2011-11-21",-0.105741318200632
"2011-11-22",-0.00204294191760087
"2011-11-23",0.00271662591929742
"2011-11-24",0.0261651575511395
"2011-11-25",0.00630953235770674
"2011-11-28",0.053218805158044
"2011-11-29",0.099904431812511
"2011-11-30",0.0899743072370526
"2011-12-01",-0.035493687056053
"2011-12-02",0.329731329012739
"2011-12-05",0.227554571782756
"2011-12-07",0.453060138161537
"2011-12-08",0.344529394798801
"2011-12-09",0.0152681149401608
"2011-12-12",0.00668070798300587
"2011-12-13",-0.101396227481777
"2011-12-14",0.0834513392768354
"2011-12-15",-0.117118040323996
"2011-12-16",-0.180863573167269
"2011-12-19",-0.163369170392951
"2011-12-20",0.0018765547185118
"2011-12-21",-0.0510549209827532
"2011-12-22",0.139054871852049
"2011-12-23",0.135317639313707
"2011-12-26",0.186169774420233
"2011-12-27",0.386657820401179
"2011-12-28",0.427230968553489
"2011-12-29",0.414700469158058
"2011-12-30",0.487180640325541
"2012-01-02",0.373278410722595
"2012-01-03",0.245282497741438
"2012-01-04",0.165424367145075
"2012-01-05",0.0688658698730239
"2012-01-06",-0.166679457294138
"2012-01-09",-0.175548005800823
"2012-01-10",-0.0164108922416223
"2012-01-11",0.0467241803118841
"2012-01-12",0.146196168001182
"2012-01-13",0.209826193245944
"2012-01-16",0.0328437708832455
"2012-01-17",0.00467698454224563
"2012-01-18",0.174186890640736
"2012-01-19",0.395108504972759
"2012-01-20",0.318888222952762
"2012-01-23",0.276276562112208
"2012-01-24",0.23764458055022
"2012-01-25",0.237718295021561
"2012-01-27",0.00122289994484347
"2012-01-30",0.104581896249431
"2012-01-31",0.177316771611229
"2012-02-01",-0.0350370347191312
"2012-02-02",0.0141701637206043
"2012-02-03",-0.013158600914605
"2012-02-06",0.136090011343274
"2012-02-07",0.110520223236868
"2012-02-08",-0.254389084721448
"2012-02-09",-0.4403297927872
"2012-02-10",-0.119226668934978
"2012-02-13",-0.0768365966914256
"2012-02-14",-0.00386888148852529
"2012-02-15",0.0434350460419258
"2012-02-16",0.0780202826923213
"2012-02-17",0.147205732145977
"2012-02-21",0.236180668925601
"2012-02-22",0.411625390030255
"2012-02-23",0.184264070384599
"2012-02-24",0.00562042931991418
"2012-02-27",-0.175965989538203
"2012-02-28",-0.0699562929262905
"2012-02-29",0.215097751302015
"2012-03-01",0.0884719194939716
"2012-03-02",-0.231805982952606
"2012-03-05",-0.197016645574959
"2012-03-06",-0.0276853820936244
"2012-03-07",-0.00786979271353106
"2012-03-09",-0.0255935986366158
"2012-03-12",0.144173780896199
"2012-03-13",0.122633898635923
"2012-03-14",-0.000245027246541674
"2012-03-15",0.0137046968879887
"2012-03-16",0.0448008961644441
"2012-03-19",0.119927289139019
"2012-03-20",0.0513234138809454
"2012-03-21",-0.0669468295725609
"2012-03-22",0.0458004803015832
"2012-03-23",0.0525472438419077
"2012-03-26",0.103464206219674
"2012-03-27",0.116671340637945
"2012-03-28",-0.0293345694104595
"2012-03-29",-0.00823217226892744
"2012-03-30",-0.081549773752314
"2012-04-02",-0.0256584739939086
"2012-04-03",0.1132415607362
"2012-04-04",0.106498409210578
"2012-04-09",-0.0700300809183226
"2012-04-10",0.00512514040765413
"2012-04-11",0.259224060394214
"2012-04-12",0.252168162944704
"2012-04-13",0.515098359574888
"2012-04-16",0.209944740786901
"2012-04-17",0.239355317563994
"2012-04-18",0.164103713687408
"2012-04-19",0.0555843802246738
"2012-04-20",-0.0677235444920201
"2012-04-23",0.194810174029046
"2012-04-24",0.382675796436016
"2012-04-25",0.395670622033199
"2012-04-26",0.302513362479682
"2012-04-27",0.343101454316187
"2012-04-30",0.459346766330149
"2012-05-02",0.37411726750098
"2012-05-03",0.175434477770741
"2012-05-04",0.0739010827529994
"2012-05-07",0.239780443483994
"2012-05-08",0.340419831074494
"2012-05-09",0.189076616076465
"2012-05-10",0.398283370826081
"2012-05-11",0.209251268839706
"2012-05-14",0.143285299556144
"2012-05-15",0.0206217077797061
"2012-05-16",0.156663159309888
"2012-05-17",0.271224367433419
"2012-05-18",0.278765958384144
"2012-05-21",0.238333104459173
"2012-05-22",0.261078549525407
"2012-05-23",0.147484387058024
"2012-05-24",0.12539269170469
"2012-05-25",0.0718470197118491
"2012-05-28",0.126196263212215
"2012-05-29",0.211652054577583
"2012-05-30",0.299505367861655
"2012-05-31",0.384106194389245
"2012-06-01",0.223421388261955
"2012-06-04",0.302450200004288
"2012-06-05",0.337035193235698
"2012-06-06",0.292443229605395
"2012-06-07",0.0962986892840095
"2012-06-08",0.0198945726726573
"2012-06-11",-0.0467624111482681
"2012-06-12",0.114559098411197
"2012-06-13",0.134593969952018
"2012-06-14",0.159765477112985
"2012-06-15",0.148792318413561
"2012-06-18",0.180965806856904
"2012-06-19",0.186261886846054
"2012-06-20",0.328305874723904
"2012-06-21",0.502764715382398
"2012-06-22",0.437299208337841
"2012-06-25",0.269945777667996
"2012-06-26",0.211896088718963
"2012-06-27",0.26077988717613
"2012-06-28",0.389395740754024
"2012-06-29",0.559286499827157
"2012-07-02",0.40968279165608
"2012-07-03",0.394217723790077
"2012-07-04",0.289049049189124
"2012-07-05",0.102106963784778
"2012-07-06",0.0809660025463388
"2012-07-09",0.0731190031755011
"2012-07-10",0.10985904940329
"2012-07-11",0.0105112964801404
"2012-07-12",0.030289757925287
"2012-07-13",0.116423918757318
"2012-07-16",0.123486805456246
"2012-07-17",0.0766245747911079
"2012-07-18",0.170663611195029
"2012-07-19",-0.00650326121399405
"2012-07-20",-0.0285111623172989
"2012-07-23",0.0280615649909341
"2012-07-24",-0.0215624862165678
"2012-07-25",0.00298529675193476
"2012-07-26",0.0887190706741731
"2012-07-27",-0.0120956285641557
"2012-07-30",-0.113827938450241
"2012-07-31",-0.000900178921838845
"2012-08-01",-0.131013256071114
"2012-08-02",-0.0735437190371349
"2012-08-03",0.0715133472260878
"2012-08-06",-0.112146060275166
"2012-08-07",-0.128427993238947
"2012-08-08",-0.0771452962840886
"2012-08-09",0.0144136958498373
"2012-08-10",0.0922869929518469
"2012-08-13",0.0816397842255175
"2012-08-14",0.213071559748901
"2012-08-16",0.368895063899359
"2012-08-17",0.306802253194151
"2012-08-21",0.348228653606677
"2012-08-22",0.319267719186741
"2012-08-23",0.270664697834248
"2012-08-24",0.436532573123995
"2012-08-27",0.471328927278361
"2012-08-28",0.252195872693411
"2012-08-29",-0.134784371511196
"2012-08-30",-0.190230110314234
"2012-08-31",-0.167802576705354
"2012-09-03",-0.0530855589578397
"2012-09-04",-0.116837194883889
"2012-09-05",0.0120625698261518
"2012-09-06",0.109363483425744
"2012-09-07",-0.0744042434407695
"2012-09-10",0.162990990201342
"2012-09-11",0.371985910151562
"2012-09-12",0.423356147003717
"2012-09-13",0.418155116350999
"2012-09-14",0.402052170010819
"2012-09-17",0.43596915474906
"2012-09-18",0.402343570658367
"2012-09-20",0.320172493445899
"2012-09-21",0.396642765723238
"2012-09-24",0.308208039528273
"2012-09-25",0.276172248076052
"2012-09-26",0.185163202368931
"2012-09-27",0.0508434886830276
"2012-09-28",0.057528534310995
"2012-10-01",-0.000158331141934595
"2012-10-03",0.0390232129884867
"2012-10-04",0.0744701424623311
"2012-10-05",0.00117731289086012
"2012-10-08",-0.0787881533094216
"2012-10-09",0.0256340400826505
"2012-10-10",-0.0754528542649147
"2012-10-11",0.259698999341381
"2012-10-12",0.269795818791179
"2012-10-15",0.273804631618372
"2012-10-16",0.24540669375832
"2012-10-17",0.134208368890891
"2012-10-18",-0.217377447306011
"2012-10-19",0.0847296530580613
"2012-10-22",0.137824335735378
"2012-10-23",0.198103642117542
"2012-10-25",0.13761816645301
"2012-10-29",0.00584854611875971
"2012-10-30",-0.0301038454184324
"2012-10-31",-0.0623666397284877
"2012-11-01",-0.0617038161618626
"2012-11-02",-0.00385493417925704
"2012-11-05",0.0152915292923069
"2012-11-06",0.0235176643531126
"2012-11-07",0.0126112165807387
"2012-11-08",0.0505895487573978
"2012-11-09",0.0742479344249505
"2012-11-12",0.100615582431703
"2012-11-15",0.0820777730272743
"2012-11-16",0.0802761991398974
"2012-11-19",0.0879256816386839
"2012-11-20",0.0921634100626335
"2012-11-21",0.109575703958484
"2012-11-22",0.12274103941115
"2012-11-23",0.156469030029706
"2012-11-26",0.32874999296873
"2012-11-27",0.5234613087207
"2012-11-29",0.40469745924212
"2012-11-30",0.119936017836963
"2012-12-03",0.0294653884290138
"2012-12-04",0.370508394510104
"2012-12-05",0.338021149003818
"2012-12-06",0.269188825860105
"2012-12-07",0.20832488974942
"2012-12-10",0.289578523450295
"2012-12-11",0.297340935122874
"2012-12-12",0.283443355332734
"2012-12-13",0.217900248477641
"2012-12-14",0.169161267475416
"2012-12-17",0.078826591457573
"2012-12-18",-0.0637442140144491
"2012-12-19",0.0213708899950533
"2012-12-20",0.0613166421082484
"2012-12-21",0.00406325180522339
"2012-12-24",-0.036749110071962
"2012-12-26",0.188048106807677
"2012-12-27",0.330918332284637
"2012-12-28",0.458142082050804
"2012-12-31",0.519662760245822
"2013-01-01",0.498469922726966
"2013-01-02",0.364362342534046
"2013-01-03",0.466349441898776
"2013-01-04",0.616175181092555
"2013-01-07",0.672996644740547
"2013-01-08",0.636762912457198
"2013-01-09",0.604654238723913
"2013-01-10",0.542714327979937
"2013-01-11",0.584921033778023
"2013-01-14",0.563213929472054
"2013-01-15",0.459183639881233
"2013-01-16",0.412020265915453
"2013-01-17",0.287282635330426
"2013-01-18",0.052623572543854
"2013-01-21",0.123659429322171
"2013-01-22",0.065432548365706
"2013-01-23",0.0281023844768969
"2013-01-24",0.0777640658183996
"2013-01-25",-0.26084221644287
"2013-01-28",-0.131069989315311
"2013-01-29",-0.204805916203113
"2013-01-30",-0.39116932246506
"2013-01-31",-0.13397312830809
"2013-02-01",-0.0411950928277307
"2013-02-04",-0.000609877523743284
"2013-02-05",-0.0370792430089709
"2013-02-06",0.0518863607386458
"2013-02-07",0.232091014322426
"2013-02-08",0.203861103235064
"2013-02-11",-0.129457829073833
"2013-02-12",-0.0944825557940363
"2013-02-13",0.0341105397064346
"2013-02-14",-0.0586654726955184
"2013-02-15",-0.0203000741684928
"2013-02-18",-0.0113861500120667
"2013-02-19",0.139994775845449
"2013-02-20",0.115553793091103
"2013-02-21",0.186193863053506
"2013-02-22",0.282281388075443
"2013-02-25",-0.0234088047961046
"2013-02-26",-0.260656395063543
"2013-02-27",-0.273538605127534
"2013-02-28",-0.183073786634936
"2013-03-01",-0.224281948819766
"2013-03-04",0.0519747725684756
"2013-03-05",-0.0137343790640159
"2013-03-06",-0.122892535459024
"2013-03-07",-0.134231225480891
"2013-03-08",-0.229969362180329
"2013-03-11",0.0316147399940071
"2013-03-12",-0.0250204295455249
"2013-03-13",-0.119143201769767
"2013-03-14",-0.138139878941062
"2013-03-15",0.0766049691621076
"2013-03-18",0.000542166800286668
"2013-03-19",-0.374099696532106
"2013-03-20",-0.303163631793415
"2013-03-21",-0.0746767630599091
"2013-03-22",-0.180945557697349
"2013-03-25",-0.146899944485988
"2013-03-26",-0.256848528479108
"2013-03-28",0.0438197908525243
"2013-04-01",-0.016094448160979
"2013-04-02",0.151325147872332
"2013-04-03",0.0900374340452913
"2013-04-04",0.0661421677749413
"2013-04-05",0.253538442724042
"2013-04-08",0.406466388375362
"2013-04-09",-0.00500880092628765
"2013-04-10",-0.255083895639428
"2013-04-11",-0.219667414533423
"2013-04-12",-0.281829406855039
"2013-04-15",-0.234860371055926
"2013-04-16",-0.123080340762118
"2013-04-17",-0.0279353136958045
"2013-04-18",-0.11283530643954
"2013-04-22",-0.173698999585108
"2013-04-23",-0.0919105990560723
"2013-04-25",0.157938978398684
"2013-04-26",0.198435687784056
"2013-04-29",0.317612519374046
"2013-04-30",0.0242869016077978
"2013-05-02",-0.039413741810272
"2013-05-03",-0.078712363694427
"2013-05-06",-0.30919592301507
"2013-05-07",-0.222663222397766
"2013-05-08",-0.201426102255376
"2013-05-09",-0.219746070866082
"2013-05-10",-0.0654446365570693
"2013-05-13",-0.297152807928206
"2013-05-14",-0.104023926997598
"2013-05-15",0.0798487457211415
"2013-05-16",0.200783548551628
"2013-05-17",0.447796266679946
"2013-05-20",0.267019160156497
"2013-05-21",0.102352849554375
"2013-05-22",-0.0785456702321444
"2013-05-23",-0.103450773097694
"2013-05-24",-0.0499557244772154
"2013-05-27",-0.165925088737918
"2013-05-28",-0.214007925912003
"2013-05-29",-0.211779257948238
"2013-05-30",-0.357968623291409
"2013-05-31",-0.269603969391154
"2013-06-03",-0.197443315044089
"2013-06-04",-0.0828113264939671
"2013-06-05",-0.202748348770551
"2013-06-06",-0.221862271381994
"2013-06-07",-0.0880248869311261
"2013-06-10",0.0146263089811303
"2013-06-11",-0.35364519152743
"2013-06-12",-0.289688102372275
"2013-06-13",-0.249997934673974
"2013-06-14",-0.231562097663519
"2013-06-17",-0.00977260723504126
"2013-06-18",0.0927458789270506
"2013-06-19",0.073990955538043
"2013-06-20",-0.077439504238694
"2013-06-21",-0.143659508164526
"2013-06-24",-0.243087631855959
"2013-06-25",-0.0828350359645411
"2013-06-26",-0.193157188551592
"2013-06-27",-0.0635633015982507
"2013-06-28",-0.250879176117549
"2013-07-01",-0.336099987865469
"2013-07-02",-0.320591116847297
"2013-07-03",-0.194242858558383
"2013-07-04",-0.149557806699477
"2013-07-05",-0.128239834009821
"2013-07-08",-0.209539701008923
"2013-07-09",-0.190932458146376
"2013-07-10",-0.113966252625425
"2013-07-11",-0.0917372233722371
"2013-07-12",-0.101653405738407
"2013-07-15",-0.106780991520436
"2013-07-16",0.053374137560126
"2013-07-17",0.10180751968465
"2013-07-18",-0.132706437802446
"2013-07-19",-0.235195848219765
"2013-07-22",-0.121668895683894
"2013-07-23",-0.138709552312352
"2013-07-24",-0.078314799060298
"2013-07-25",-0.0302245338430195
"2013-07-26",-0.0110290041857262
"2013-07-29",0.0576798579508851
"2013-07-30",0.0310767590564953
"2013-07-31",0.105973256243879
"2013-08-01",-0.0591292531396787
"2013-08-02",-0.0597288746125732
"2013-08-05",-0.0423419468500303
"2013-08-06",-0.0175802154282674
"2013-08-07",-0.0362136751665505
"2013-08-08",-0.0702255973318633
"2013-08-12",-0.155505602306773
"2013-08-13",-0.0825044338376662
"2013-08-14",-0.223689607605603
"2013-08-16",-0.24818083003397
"2013-08-19",-0.238522954464394
"2013-08-20",-0.24989775121464
"2013-08-21",-0.245725182579938
"2013-08-22",-0.218176541239541
"2013-08-23",-0.309179073928683
"2013-08-26",-0.19342093603755
"2013-08-27",-0.243064427076778
"2013-08-28",-0.0926479727671423
"2013-08-29",-0.16510939889345
"2013-08-30",-0.309913801711582
"2013-09-02",-0.281445581403687
"2013-09-03",-0.306130585150706
"2013-09-04",-0.196712542796887
"2013-09-05",-0.26725794936483
"2013-09-06",-0.222909712627323
"2013-09-10",-0.461502219722585
"2013-09-11",0.0350365888502682
"2013-09-12",-0.0564659404745453
"2013-09-13",0.142371938132881
"2013-09-16",0.332016049896558
"2013-09-17",0.108562025002846
"2013-09-18",-0.193453373110248
"2013-09-19",-0.0465040685481839
"2013-09-20",-0.518207854203066
"2013-09-23",-0.224798723456544
"2013-09-24",-0.316269016967132
"2013-09-25",-0.457666011703038
"2013-09-26",-0.546269309853983
"2013-09-27",-0.328725530205851
"2013-09-30",-0.176700556575886
"2013-10-01",-0.113450085003124
"2013-10-03",-0.3414230355921
"2013-10-04",-0.497853355626591
"2013-10-07",-0.307641171631079
"2013-10-08",-0.119253322888379
"2013-10-09",-0.0431716705008493
"2013-10-10",-0.0497763776847127
"2013-10-11",-0.0613094450891826
"2013-10-14",-0.0619904796688483
"2013-10-15",0.110225572855798
"2013-10-17",0.397173851501851
"2013-10-18",0.380164396405184
"2013-10-21",0.507422251138991
"2013-10-22",0.513439303902794
"2013-10-23",0.188906840022025
"2013-10-24",0.300844584263933
"2013-10-25",0.301991764468698
"2013-10-28",0.477620060080266
"2013-10-29",0.531635381290349
"2013-10-30",0.483139907973028
"2013-10-31",0.426694177290172
"2013-11-01",0.283662010104107
"2013-11-05",0.192803585754086
"2013-11-06",0.246052066799238
"2013-11-07",0.247682383665001
"2013-11-08",-0.0942220499958268
"2013-11-11",-0.0488168065364552
"2013-11-12",-0.0266295919547787
"2013-11-13",-0.0869143315947234
"2013-11-14",-0.183564302905179
"2013-11-18",-0.152225401149936
"2013-11-19",-0.0757613521286534
"2013-11-20",-0.00632371710640958
"2013-11-21",-0.0857192752840385
"2013-11-22",0.149450201115094
"2013-11-25",0.288060313011454
"2013-11-26",0.481370535934009
"2013-11-27",0.508018458999105
"2013-11-28",0.411946482435801
"2013-11-29",0.301990658750155
"2013-12-02",0.221667329176061
"2013-12-03",0.260195682875383
"2013-12-04",0.419042375741738
"2013-12-05",0.317337675128464
"2013-12-06",0.274161540996109
"2013-12-09",0.424707357389856
"2013-12-10",0.148283306965865
"2013-12-11",0.0637021344947519
"2013-12-12",-0.421722919746659
"2013-12-13",-0.505653721062291
"2013-12-16",-0.51017711442796
"2013-12-17",-0.46893606641364
"2013-12-18",-0.393859696054078
"2013-12-19",-0.142726841618465
"2013-12-20",0.0136780418953429
"2013-12-23",-0.0938122715635562
"2013-12-24",-0.015396983644687
"2013-12-26",0.106539830024913
"2013-12-27",0.168246457126343
"2013-12-30",0.287239930169877
"2013-12-31",0.385240120903966
"2014-01-01",0.26870989462407
"2014-01-02",0.23143470980372
"2014-01-03",-0.0100098214139534
"2014-01-06",-0.167315499947776
"2014-01-07",-0.172869903330124
"2014-01-08",-0.179183030851832
"2014-01-09",-0.115513012259764
"2014-01-10",0.00113424221851423
"2014-01-13",0.00712900198309008
"2014-01-14",-0.07504375242012
"2014-01-15",0.0358952486804296
"2014-01-16",0.11450344343683
"2014-01-17",0.117756788662601
"2014-01-20",0.147469234991516
"2014-01-21",0.276834706518212
"2014-01-22",0.271723287816284
"2014-01-23",0.0818230419910595
"2014-01-24",-0.266729347681474
"2014-01-27",-0.393553550927911
"2014-01-28",-0.35352922867306
"2014-01-29",-0.356332018671935
"2014-01-30",-0.156729867820424
"2014-01-31",0.094113098119069
"2014-02-03",-0.136409851701288
"2014-02-04",-0.0458487249136119
"2014-02-05",-0.192731713668137
"2014-02-06",-0.172454150790869
"2014-02-07",0.158282873414764
"2014-02-10",0.385464485241801
"2014-02-11",0.51192638143766
"2014-02-12",0.379730066443851
"2014-02-13",0.225388480066754
"2014-02-14",0.212553116585325
"2014-02-17",0.244873988965917
"2014-02-18",0.192461312979082
"2014-02-19",0.288721913955411
"2014-02-20",0.335491662820246
"2014-02-21",0.357582876815066
"2014-02-24",0.27004297131841
"2014-02-25",0.0560004345318278
"2014-02-26",0.351329971010057
"2014-02-28",0.439948586509981
"2014-03-03",0.423900643555323
"2014-03-04",0.463087335778845
"2014-03-05",0.455202756431845
"2014-03-06",0.561520694061498
"2014-03-07",0.547762600884498
"2014-03-10",0.41131486166474
"2014-03-11",0.519618744383132
"2014-03-12",0.370752934840864
"2014-03-13",0.308299916377752
"2014-03-14",0.461224862662308
"2014-03-18",0.405525481513785
"2014-03-19",0.309455622550796
"2014-03-20",0.0813526197163024
"2014-03-21",0.028289118063372
"2014-03-24",0.0085410123873146
"2014-03-25",-0.105048704251865
"2014-03-26",-0.103012858813264
"2014-03-27",-0.131175420029479
"2014-03-28",-0.0624111106336361
"2014-03-31",-0.1367373768036
"2014-04-01",-0.0141554313286946
"2014-04-02",-0.0315223057104876
"2014-04-03",0.210469366123103
"2014-04-04",-0.174132798605236
"2014-04-07",-0.141744474316648
"2014-04-09",-0.157190196916576
"2014-04-10",-0.19482819791313
"2014-04-11",-0.264333508500197
"2014-04-15",-0.13867317310391
"2014-04-16",-0.26502428089071
"2014-04-17",-0.314501121693449
"2014-04-21",-0.168378828168469
"2014-04-22",-0.0765007596425407
"2014-04-23",-0.0870046596457196
"2014-04-24",-0.296469526095544
"2014-04-25",-0.233660921172327
"2014-04-28",-0.118899273249363
"2014-04-29",0.128796978793198
"2014-04-30",0.120544930480329
"2014-05-02",0.24918517565889
"2014-05-05",0.355512514650545
"2014-05-06",0.388634075729888
"2014-05-07",0.476510735211583
"2014-05-08",0.501023880441633
"2014-05-09",0.337528747281757
"2014-05-12",0.19432855297507
"2014-05-13",0.0695414536288058
"2014-05-14",0.0876015912630225
"2014-05-15",-0.014936920542691
"2014-05-16",-0.410972412605915
"2014-05-19",-0.662892188711732
"2014-05-20",-0.325361068381661
"2014-05-21",0.0594677409007541
"2014-05-22",0.0923496605140735
"2014-05-23",0.0569305094767
"2014-05-26",0.205781419435418
"2014-05-27",0.317701746301982
"2014-05-28",0.277347978355237
"2014-05-29",0.0446054775508169
"2014-05-30",-0.0196141226120805
"2014-06-02",-0.112967721880556
"2014-06-03",0.188225487084607
"2014-06-04",0.253111292759269
"2014-06-05",0.158820775770392
"2014-06-06",0.0631364258557537
"2014-06-09",0.0821141659763298
"2014-06-10",0.0989958587847018
"2014-06-11",0.122775470247015
"2014-06-12",0.237046515038237
"2014-06-13",-0.0944616429567423
"2014-06-16",-0.140405760809353
"2014-06-17",-0.00325989324687581
"2014-06-18",-0.0618166027533245
"2014-06-19",0.0560892556024041
"2014-06-20",0.102511773970073
"2014-06-23",0.0458604675035677
"2014-06-24",0.0450680763671083
"2014-06-25",-0.0181359554395673
"2014-06-26",0.031943785013879
"2014-06-27",0.0393407171365484
"2014-06-30",0.221463033972238
"2014-07-01",0.116804517306396
"2014-07-02",0.0771458530437103
"2014-07-03",-0.0251714937732266
"2014-07-04",-0.266837863548443
"2014-07-07",-0.146762108214326
"2014-07-08",-0.179057785275577
"2014-07-09",0.107068732250782
"2014-07-10",-0.0490945948709907
"2014-07-11",-0.233828955595362
"2014-07-14",-0.307910883140657
"2014-07-15",-0.384372144770621
"2014-07-16",-0.211428401503536
"2014-07-17",-0.150327569721082
"2014-07-18",-0.149455386528798
"2014-07-21",0.182349025722831
"2014-07-22",0.0765417305413861
"2014-07-23",0.122060480426979
"2014-07-24",0.0310682330748959
"2014-07-25",-0.0719968033514364
"2014-07-28",-0.276516198312439
"2014-07-30",-0.250047784415288
"2014-07-31",-0.502581704781127
"2014-08-01",-0.552823584648836
"2014-08-04",-0.549526819693616
"2014-08-05",-0.218617137987386
"2014-08-06",-0.155731774287218
"2014-08-07",-0.0214309345414567
"2014-08-08",-0.170298416016347
"2014-08-11",-0.147157199726584
"2014-08-12",-0.0300554536411513
"2014-08-13",-0.071258889559916
"2014-08-14",0.130097826900269
"2014-08-18",0.300896246997164
"2014-08-19",-0.248344127644674
"2014-08-20",-0.342596546863746
"2014-08-21",-0.366317896887163
"2014-08-22",-0.115896929563899
"2014-08-25",0.0904788346854409
"2014-08-26",-0.324182996448407
"2014-08-27",-0.083917653458356
"2014-08-28",0.0916948589290418
"2014-09-01",0.0155752283666053
"2014-09-02",-0.098197742990796
"2014-09-03",-0.137556224855799
"2014-09-04",-0.125410209647761
"2014-09-05",0.0608123984095983
"2014-09-08",0.132595263847145
"2014-09-09",0.0240263990000204
"2014-09-10",0.0984150067222787
"2014-09-11",-0.293412269323641
"2014-09-12",-0.458067445927055
"2014-09-15",-0.59047239130021
"2014-09-16",-0.584882891419333
"2014-09-17",-0.64483757961586
"2014-09-18",-0.614978111776135
"2014-09-19",-0.225791510970314
"2014-09-22",-0.371514369791051
"2014-09-23",-0.561703314712938
"2014-09-24",-0.556508803583162
"2014-09-25",-0.224107199808001
"2014-09-26",-0.299878769013284
"2014-09-29",-0.217645359649829
"2014-09-30",-0.127312287776825
"2014-10-01",-0.0270111185615707
"2014-10-07",-0.0378885948765057
"2014-10-08",-0.162808495930126
"2014-10-09",-0.40395602209913
"2014-10-10",-0.407439913884467
"2014-10-13",-0.198107345834723
"2014-10-14",-0.458052164368541
"2014-10-15",-0.04435484451029
"2014-10-16",-0.0754716259592234
"2014-10-17",-0.186721537489854
"2014-10-20",-0.276298641791023
"2014-10-21",-0.251389243249564
"2014-10-22",-0.0517023524815644
"2014-10-27",-0.0232806633533908
"2014-10-28",0.0137326540791775
"2014-10-29",-0.124346663236088
"2014-10-30",-0.193108614258696
"2014-10-31",-0.174220787083438
"2014-11-03",-0.128188884196402
"2014-11-05",-0.0807231915940485
"2014-11-07",-0.187019080872057
"2014-11-10",-0.202398580630329
"2014-11-11",-0.232461956209073
"2014-11-12",-0.185531019061129
"2014-11-13",-0.155205060620772
"2014-11-14",-0.17274621900964
"2014-11-17",-0.0947119322717896
"2014-11-18",-0.178443523646654
"2014-11-19",-0.161799377936417
"2014-11-20",-0.0986311598488689
"2014-11-21",-0.0383981111127787
"2014-11-24",-0.0402738468246626
"2014-11-25",-0.122755947997677
"2014-11-26",-0.142617563711321
"2014-11-27",-0.129879190260168
"2014-11-28",-0.118349220838268
"2014-12-01",-0.252312647133712
"2014-12-02",-0.245254990687084
"2014-12-03",-0.27464172435587
"2014-12-04",-0.314066370681081
"2014-12-05",-0.288357272291991
"2014-12-08",-0.275866180468897
"2014-12-09",-0.24328699142594
"2014-12-10",-0.304824101083477
"2014-12-11",-0.238403778720462
"2014-12-12",-0.203871932796775
"2014-12-15",-0.17510438100827
"2014-12-16",-0.0281715821042795
"2014-12-17",-0.144884812643171
"2014-12-18",-0.246051936511122
"2014-12-19",-0.267091049505877
"2014-12-22",-0.660129084444091
"2014-12-23",-0.52399286427242
"2014-12-24",-0.340576684627372
"2014-12-26",-0.369212269805448
"2014-12-29",-0.185494551472538
"2014-12-30",-0.39209313708673
"2014-12-31",-0.123411233754525
"2015-01-01",-0.259619268382096
"2015-01-02",-0.114716075103164
"2015-01-05",-0.160761582792048
"2015-01-06",-0.510749559465859
"2015-01-07",-0.622982194981085
"2015-01-08",-0.425608504434095
"2015-01-09",-0.344754777409471
"2015-01-12",-0.349019970428792
"2015-01-13",-0.305423483022636
"2015-01-14",-0.223226135629189
"2015-01-15",-0.130920684433886
"2015-01-16",-0.0641869338748871
"2015-01-19",0.0160445695590136
"2015-01-20",0.02265303839379
"2015-01-21",-0.0260605882674226
"2015-01-22",-0.100488518771796
"2015-01-23",-0.0178295904002555
"2015-01-27",0.15874095560749
"2015-01-28",0.294609495097436
"2015-01-29",0.124960450539842
"2015-01-30",0.0111758444524071
"2015-02-02",0.0438165243875114
"2015-02-03",0.218556729725579
"2015-02-04",0.333220509252033
"2015-02-05",-0.0692976299611731
"2015-02-06",-0.267923310096551
"2015-02-09",-0.213384456464745
"2015-02-10",-0.323342433945933
"2015-02-11",-0.256654316102234
"2015-02-12",-0.244735323922274
"2015-02-13",-0.0870315835437911
"2015-02-16",-0.0866888077752913
"2015-02-18",-0.252358744608112
"2015-02-19",-0.222432746237038
"2015-02-20",-0.0922344509522947
"2015-02-23",-0.0462217755950398
"2015-02-24",-0.124614694665466
"2015-02-25",-0.00678150443204771
"2015-02-26",0.0175128798638712
"2015-02-27",-0.0911405026468909
"2015-03-02",0.0121499387492878
"2015-03-03",-0.0347595390914054
"2015-03-04",0.00462910369017904
"2015-03-05",-0.00546412209834862
"2015-03-09",-0.0110729175365675
"2015-03-10",-0.06781283901074
"2015-03-11",-0.0459883100031379
"2015-03-12",-0.0393511611535194
"2015-03-13",-0.0137424934813276
"2015-03-16",-0.060590429786609
"2015-03-17",-0.0764498258162949
"2015-03-18",-0.0995616948418845
"2015-03-19",-0.008329702658278
"2015-03-20",0.261018684857951
"2015-03-23",0.172113132019086
"2015-03-24",0.0445085570815284
"2015-03-25",0.445009304416955
"2015-03-26",0.278426953989711
"2015-03-27",-0.00958081737278133
"2015-03-30",-0.0720552806233794
"2015-03-31",-0.255514477435805
"2015-04-01",-0.142846127729851
"2015-04-06",-0.112966513531301
"2015-04-07",0.0748946816130305
"2015-04-08",-0.0475607559945474
"2015-04-09",-0.00608857257896573
"2015-04-10",0.205727999915616
"2015-04-13",0.332428557377595
"2015-04-15",0.214893604937926
"2015-04-16",0.303300343651153
"2015-04-17",0.414294267365042
"2015-04-20",0.100765467505667
"2015-04-21",-0.0343790749961549
"2015-04-22",-0.206689544545929
"2015-04-23",-0.181164658764161
"2015-04-24",-0.11258947849218
"2015-04-27",-0.110019539162208
"2015-04-28",0.038732502610745
"2015-04-29",-0.16599839195644
"2015-04-30",-0.173208156932318
"2015-05-04",0.136371967905735
"2015-05-05",-0.0799744330528342
"2015-05-06",-0.283248943882774
"2015-05-07",-0.311681484853695
"2015-05-08",-0.178487366392295
"2015-05-11",-0.243911734173629
"2015-05-12",-0.030408013778295
"2015-05-13",0.134465703053611
"2015-05-14",0.125634595341859
"2015-05-15",0.384179976548258
"2015-05-18",-0.0519080287832003
"2015-05-19",-0.192439741574697
"2015-05-20",-0.040707840161535
"2015-05-21",0.239754457803323
"2015-05-22",0.244614486421875
"2015-05-25",0.225934358356623
"2015-05-26",0.269402930036276
"2015-05-27",0.332923887015227
"2015-05-28",0.0530946576351554
"2015-05-29",-0.0507488617438298
"2015-06-01",-0.0543317238879537
"2015-06-02",0.0176210201554274
"2015-06-03",0.0595211874524649
"2015-06-04",-0.20541390612679
"2015-06-05",-0.148897029634113
"2015-06-08",-0.190567692386953
"2015-06-09",-0.143341023523705
"2015-06-10",-0.163423649570121
"2015-06-11",-0.151843183633058
"2015-06-12",-0.198678047136763
"2015-06-15",-0.187293078473453
"2015-06-16",-0.14735098564472
"2015-06-17",-0.156261164561415
"2015-06-18",-0.129713576919602
"2015-06-19",0.100761061985172
"2015-06-22",0.164680841809651
"2015-06-23",0.0933075909169313
"2015-06-24",0.135579171448274
"2015-06-25",0.24335585002276
"2015-06-26",0.28805511025053
"2015-06-29",0.0578639320607008
"2015-06-30",0.110723166182575
"2015-07-01",0.0494526126883494
"2015-07-02",-0.0773243838437952
"2015-07-03",-0.0623362589384303
"2015-07-06",-0.0491486450155949
"2015-07-07",-0.0483074719854879
"2015-07-08",-0.170282041618464
"2015-07-09",-0.300589785018367
"2015-07-10",-0.276484732349995
"2015-07-13",-0.043701916240052
"2015-07-14",-0.0504100221175495
"2015-07-15",-0.159352765723561
"2015-07-16",-0.105732595924094
"2015-07-17",-0.0647062850580602
"2015-07-20",0.0534580123956817
"2015-07-21",0.174736485470887
"2015-07-22",0.231126100840853
"2015-07-23",0.34730277204004
"2015-07-24",0.308646214286412
"2015-07-27",-0.0210759022194095
"2015-07-28",-0.103822182014816
"2015-07-29",-0.206861578543589
"2015-07-30",-0.17370713668723
"2015-07-31",-0.169864652246262
"2015-08-03",-0.178465779881999
"2015-08-04",-0.129067862521953
"2015-08-05",-0.0689206857395548
"2015-08-06",0.051955527963313
"2015-08-07",-0.274900830863937
"2015-08-10",-0.217596285438357
"2015-08-11",-0.198350140475862
"2015-08-12",-0.182077654543748
"2015-08-13",-0.160875091723984
"2015-08-14",-0.228355124137908
"2015-08-17",-0.366474657695652
"2015-08-18",-0.230514419277201
"2015-08-19",-0.221456951202642
"2015-08-20",-0.161215349798122
"2015-08-21",-0.190247258661867
"2015-08-24",-0.102053379538823
"2015-08-25",-0.123077909256235
"2015-08-26",-0.110557190649567
"2015-08-27",-0.139935935638531
"2015-08-28",-0.236445884357802
"2015-08-31",-0.259230840945442
"2015-09-01",-0.251040063972772
"2015-09-02",-0.217733906910502
"2015-09-03",-0.116292507163193
"2015-09-04",-0.214684524057216
"2015-09-07",0.134038169811295
"2015-09-08",0.143617686660314
"2015-09-09",0.278009983578553
"2015-09-10",-0.149375678422627
"2015-09-11",-0.148523142102675
"2015-09-14",0.00534027818336625
"2015-09-15",-0.0505978463197107
"2015-09-16",-0.0388947425627701
"2015-09-18",-0.10498622202539
"2015-09-21",-0.0065768908656724
"2015-09-22",-0.140053829019981
"2015-09-23",0.0211745736893068
"2015-09-24",-0.339174817876526
"2015-09-28",-0.343209126543968
"2015-09-29",-0.311222919274596
"2015-09-30",-0.260220778658797
"2015-10-01",-0.0130867538639621
"2015-10-05",0.151976955450515
"2015-10-06",-0.033256446021229
"2015-10-07",0.00810039219646035
"2015-10-08",0.000454806378928501
"2015-10-09",0.102052797618545
"2015-10-12",0.347770518416533
"2015-10-13",0.268555125731269
"2015-10-14",0.196971076761126
"2015-10-15",0.21019118127281
"2015-10-16",0.23298513902177
"2015-10-19",0.373111647926099
"2015-10-20",0.318973282053256
"2015-10-21",0.337146383259577
"2015-10-23",0.279285294135869
"2015-10-26",0.234453046913217
"2015-10-27",0.102682329370251
"2015-10-28",-0.0426325471642774
"2015-10-29",-0.114981911338391
"2015-10-30",-0.42655128836876
"2015-11-02",-0.397243358347688
"2015-11-03",-0.168760914884787
"2015-11-04",-0.112904871186411
"2015-11-05",-0.214393824798001
"2015-11-06",-0.180865045819781
"2015-11-09",-0.0326050596628615
"2015-11-10",-0.167292920491692
"2015-11-13",-0.18167754762707
"2015-11-16",-0.13115025677264
"2015-11-17",0.0206384069987694
"2015-11-18",-0.0407004636848437
"2015-11-19",-0.0257932954794046
"2015-11-20",-0.059886344807637
"2015-11-23",-0.170947683242604
"2015-11-24",-0.194569923465317
"2015-11-26",-0.159976636046571
"2015-11-27",0.315209286847533
"2015-11-30",0.431817142718483
"2015-12-01",0.418076270794647
"2015-12-02",0.305017717370529
"2015-12-03",0.137369500791448
"2015-12-04",0.0164284652542125
"2015-12-07",-0.122176945645134
"2015-12-08",-0.262919970413882
"2015-12-09",-0.299026118070392
"2015-12-10",-0.295186240068313
"2015-12-11",-0.25561230992145
"2015-12-14",-0.211396396982343
"2015-12-15",-0.239444715702736
"2015-12-16",-0.15279022210739
"2015-12-17",0.226342406120789
"2015-12-18",0.361914342995061
"2015-12-21",0.508393339935518
"2015-12-22",0.467300464279463
"2015-12-23",0.470977870738694
"2015-12-24",0.410906486038729
"2015-12-28",0.594339913317004
"2015-12-29",0.158965343712997
"2015-12-30",0.192646303306307
"2015-12-31",0.156936337303941
"2016-01-01",0.254293636362603
"2016-01-04",0.174161925284162
"2016-01-05",0.277723970187252
"2016-01-06",0.0576596969497701
"2016-01-07",-0.0556080857762312
"2016-01-08",-0.0323159482160637
"2016-01-11",-0.29331469394074
"2016-01-12",-0.307884308530384
"2016-01-13",-0.215894538556101
"2016-01-14",-0.0953571699284527
"2016-01-15",-0.0143024013894495
"2016-01-18",-0.104965032664018
"2016-01-19",-0.149601020986722
"2016-01-20",-0.241309021135723
"2016-01-21",-0.260934976208646
"2016-01-22",-0.262188660297567
"2016-01-25",0.0728419153347055
"2016-01-27",0.205672762401399
"2016-01-28",0.340050123452318
"2016-01-29",0.347703518288612
"2016-02-01",0.41055075725299
"2016-02-02",0.169440850051208
"2016-02-03",0.0391853055165179
"2016-02-04",0.43262990832818
"2016-02-05",0.201919218162715
"2016-02-08",0.0885428070544406
"2016-02-09",0.0402300199691669
"2016-02-10",0.0549839998551453
"2016-02-11",-0.12924555931556
"2016-02-12",-0.152170987259307
"2016-02-15",-0.207658697374628
"2016-02-16",-0.216816910615179
"2016-02-17",-0.174877887150017
"2016-02-18",-0.149089439352427
"2016-02-19",-0.00432926529549207
"2016-02-22",0.0095118989338312
"2016-02-23",-0.085153545139017
"2016-02-24",-0.00358312422468862
"2016-02-25",0.227520909684764
"2016-02-26",0.136839641068571
"2016-02-29",-0.024024507779501
"2016-03-01",0.0397358590054089
"2016-03-02",0.267588251031986
"2016-03-03",0.251061131978943
"2016-03-04",0.20895985154976
"2016-03-08",0.126793489683324
"2016-03-09",0.165736295211626
"2016-03-10",0.266153235958207
"2016-03-11",0.23747588520748
"2016-03-14",0.178115657566472
"2016-03-15",0.556947273264836
"2016-03-16",0.507341472004757
"2016-03-17",0.572020487397523
"2016-03-18",0.54390693043339
"2016-03-21",0.493332937677833
"2016-03-22",0.591609075586971
"2016-03-23",0.538009441104635
"2016-03-28",0.569422852466453
"2016-03-29",0.413611823297119
"2016-03-30",0.449310459098901
"2016-03-31",0.188206033572212
"2016-04-01",-0.0733638348222113
"2016-04-04",-0.192503058546326
"2016-04-05",-0.302104261941747
"2016-04-06",-0.314283257449544
"2016-04-07",-0.236864197735613
"2016-04-08",-0.172283921947714
"2016-04-11",-0.00642704698191696
"2016-04-12",0.100303883870151
"2016-04-13",0.222070597667803
"2016-04-18",0.244765315172761
"2016-04-20",0.365304433459501
"2016-04-21",0.57901480214921
"2016-04-22",0.524927253407806
"2016-04-25",0.577531005407987
"2016-04-26",0.581930988246261
"2016-04-27",0.699687435676429
"2016-04-28",0.431927635050201
"2016-04-29",0.358016813031221
"2016-05-02",0.53249913808476
"2016-05-03",0.408735533441164
"2016-05-04",0.189895159602152
"2016-05-05",0.0790513626984721
"2016-05-06",0.0722735183483808
"2016-05-09",0.282466059508291
"2016-05-10",0.293078479271395
"2016-05-11",0.018542840651577
"2016-05-12",0.00736230710301277
"2016-05-13",-0.0839793877365658
"2016-05-16",-0.101307588870363
"2016-05-17",0.00281042463065595
"2016-05-18",0.341197634774373
"2016-05-19",0.299871475632976
"2016-05-20",0.345143121076365
"2016-05-23",0.27441456197354
"2016-05-24",0.295544860948653
"2016-05-25",0.369901074107968
"2016-05-26",0.633653175732208
"2016-05-27",0.564499636238232
"2016-05-30",0.49673703280253
"2016-05-31",0.344911726968315
"2016-06-01",0.403160973134631
"2016-06-02",0.417290382897158
"2016-06-03",0.477494264062735
"2016-06-06",0.547843777459831
"2016-06-07",0.451490673758841
"2016-06-08",0.482028532313639
"2016-06-09",0.451371212011963
"2016-06-10",0.339017842832393
"2016-06-13",0.342138956018361
"2016-06-14",0.288972282044937
"2016-06-15",0.260574846553806
"2016-06-16",0.224888408706524
"2016-06-17",0.341405475449218
"2016-06-20",0.380646884201078
"2016-06-21",0.301479125311502
"2016-06-22",0.136099686180627
"2016-06-23",0.153250282845393
"2016-06-24",-0.0935994585847636
"2016-06-27",0.142333716468561
"2016-06-28",0.25000464358876
"2016-06-29",0.297217365499091
"2016-06-30",0.474031113413606
"2016-07-01",0.51876858399758
"2016-07-04",0.388367363819504
"2016-07-05",0.289996763460191
"2016-07-07",0.27116586184174
"2016-07-08",0.46300305066118
"2016-07-11",0.390620007415473
"2016-07-12",0.344756912331442
"2016-07-13",0.354367572635407
"2016-07-14",0.317672315718072
"2016-07-15",0.162376699390603
"2016-07-18",0.0781445811515697
"2016-07-19",-0.0135441404805298
"2016-07-20",0.0918948268754772
"2016-07-21",0.148717977559321
"2016-07-22",0.0962853369890363
"2016-07-25",0.0517761074296477
"2016-07-26",0.069106784408685
"2016-07-27",0.000724276205166066
"2016-07-28",0.0936557323795428
"2016-07-29",0.254953442322252
"2016-08-01",0.480592495601089
"2016-08-02",0.49738296149464
"2016-08-03",0.31616673941287
"2016-08-04",0.355297075516792
"2016-08-05",0.489883921023795
"2016-08-08",0.347724744669574
"2016-08-09",0.397460415331464
"2016-08-10",0.325853648146069
"2016-08-11",0.340749086130239
"2016-08-12",0.323838279790869
"2016-08-16",0.26216438809519
"2016-08-17",0.349923387331591
"2016-08-18",0.437328950983467
"2016-08-19",0.438680166533479
"2016-08-22",0.556986844467812
"2016-08-23",0.434912646231192
"2016-08-24",0.572447471925089
"2016-08-25",0.524207713516246
"2016-08-26",0.425095332174165
"2016-08-29",0.469863130548157
"2016-08-30",0.39882204951544
"2016-08-31",0.202827112198698
"2016-09-01",0.0723276543910737
"2016-09-02",0.0576685626297936
"2016-09-06",0.0929881977143622
"2016-09-07",0.152743246347522
"2016-09-08",0.247951176558606
"2016-09-09",0.194037252287873
"2016-09-12",0.125216568730035
"2016-09-14",0.0869543669311125
"2016-09-15",0.0460931455619918
"2016-09-16",0.0914115125968782
"2016-09-19",0.0838274662772627
"2016-09-20",0.0871520596304159
"2016-09-21",0.0122754700670532
"2016-09-22",0.149585560547377
"2016-09-23",0.219520715226249
"2016-09-26",0.237851435051389
"2016-09-27",0.193227517602194
"2016-09-28",0.128174102069834
"2016-09-29",0.149985796676822
"2016-09-30",0.0726752067030262
"2016-10-03",0.123583602517
"2016-10-04",0.135517991831185
"2016-10-05",0.140418280211846
"2016-10-06",0.132236802934302
"2016-10-07",0.104106876351381
"2016-10-10",0.205193559130665
"2016-10-13",0.10633742996931
"2016-10-14",0.170013137758562
"2016-10-17",0.0899212826915059
"2016-10-18",-0.0342819731633605
"2016-10-19",0.0746292845318717
"2016-10-20",0.183773282029712
"2016-10-21",0.00952105645608267
"2016-10-24",0.0463342638790114
"2016-10-25",0.0610143120078118
"2016-10-26",0.117024428007376
"2016-10-27",0.00991069535405873
"2016-10-28",-0.0221339438378907
"2016-11-01",-0.0605504707383608
"2016-11-02",-0.0131229473507797
"2016-11-03",0.0429412590050181
"2016-11-04",-0.00220001559016756
"2016-11-07",0.0129905369706022
"2016-11-08",-0.119900399236917
"2016-11-09",-0.23255959321497
"2016-11-10",-0.184083619756188
"2016-11-11",-0.21056885138076
"2016-11-15",-0.146777557986716
"2016-11-16",0.0601565245441198
"2016-11-17",0.18771799442341
"2016-11-18",0.072755307950726
"2016-11-21",0.12839689762092
"2016-11-22",0.237630020088473
"2016-11-23",0.038588445917728
"2016-11-24",0.0624144915866646
"2016-11-25",0.159201374220842
"2016-11-28",0.0875897451673759
"2016-11-29",0.212367929599358
"2016-11-30",0.360003404154005
"2016-12-01",0.439169540477361
"2016-12-02",0.451127260652563
"2016-12-05",0.345525869389444
"2016-12-06",0.477540865398793
"2016-12-07",0.528321827986277
"2016-12-08",0.463781947969736
"2016-12-09",0.36444656938465
"2016-12-12",0.441263879768821
"2016-12-13",0.179465894354344
"2016-12-14",0.0842628585971636
"2016-12-15",-1.06967680707346
"2016-12-16",-0.76540080186195
"2016-12-19",-0.833451673070472
"2016-12-20",-0.756810925718858
"2016-12-21",-0.631470265162614
"2016-12-22",-0.410289259482723
"2016-12-23",-0.364861967150328
"2016-12-26",-0.326282549665381
"2016-12-27",-0.144538252155221
"2016-12-28",0.260455616234835
"2016-12-29",0.0540468928668725
"2016-12-30",0.362927615668633
"2017-01-02",0.377127153544339
"2017-01-03",0.118786801499346
"2017-01-04",-0.0463771891188597
"2017-01-05",-0.253966050658186
"2017-01-06",-0.260077110021194
"2017-01-09",-0.223308947486039
"2017-01-10",-0.265307732909815
"2017-01-11",-0.208961622536879
"2017-01-12",-0.204366846272302
"2017-01-13",-0.165094676380125
"2017-01-16",-0.142735609821832
"2017-01-17",-0.0226072651813827
"2017-01-18",0.000245609347852986
"2017-01-19",-0.0741704049819202
"2017-01-20",-0.100840958415972
"2017-01-23",-0.119440231458969
"2017-01-24",-0.10259768862947
"2017-01-25",0.134623305724736
"2017-01-27",0.113327035597928
"2017-01-30",0.0883612424390426
"2017-01-31",0.239792571178431
"2017-02-01",0.0681561457030576
"2017-02-02",-0.0816993003663838
"2017-02-03",0.0783350812207862
"2017-02-06",-0.0570385937359322
"2017-02-07",-0.206117794699655
"2017-02-08",-0.17845912017938
"2017-02-09",-0.142328465798888
"2017-02-10",-0.155798604483872
"2017-02-13",-0.123420728513106
"2017-02-14",-0.190464276910075
"2017-02-15",-0.0668562625292909
"2017-02-16",0.0211740598556074
"2017-02-17",0.0756168421089676
"2017-02-20",0.253667466026868
"2017-02-21",0.216163693955475
"2017-02-22",0.213423094066708
"2017-02-23",0.221957028924053
"2017-02-27",0.241462901345291
"2017-02-28",0.306236180009482
"2017-03-01",0.263197296757206
"2017-03-02",0.255694538410711
"2017-03-03",0.249662911864445
"2017-03-06",0.250406169898788
"2017-03-07",0.278366505582046
"2017-03-08",0.212260100618459
"2017-03-09",0.164862560774053
"2017-03-10",0.153740276921344
"2017-03-14",0.187256354619762
"2017-03-15",0.21175486787277
"2017-03-16",0.235837642144415
"2017-03-17",0.205803656790946
"2017-03-20",0.139880057920528
"2017-03-21",0.0741137941982414
"2017-03-22",0.195144329829899
"2017-03-23",0.582423637891762
"2017-03-24",0.534522119579034
"2017-03-27",0.225435706071065
"2017-03-28",0.144629533080978
"2017-03-29",0.147411213362553
"2017-03-30",0.12448608298216
"2017-03-31",0.184821831946511
"2017-04-03",0.232759578647934
"2017-04-05",0.113730869968739
"2017-04-06",0.18371628204552
"2017-04-07",0.173136875542681
"2017-04-10",0.229402338890153
"2017-04-11",0.252606651722964
"2017-04-12",0.273731420527403
"2017-04-13",0.207524448863414
"2017-04-17",0.189767734148892
"2017-04-18",0.175948179556931
"2017-04-19",0.0897935512639881
"2017-04-20",0.0938540722429604
"2017-04-21",-0.0475677171077417
"2017-04-24",-0.0132023028573384
"2017-04-25",0.0092485384035159
"2017-04-26",0.0993413083358007
"2017-04-27",0.198170394685239
"2017-04-28",0.0721779192074228
"2017-05-02",0.314159909541233
"2017-05-03",0.286353378001156
"2017-05-04",0.310922655706991
"2017-05-18",0.323127251352543
